Bone lengths,,,,,,,,,,,,,,,,,,,,,,,,,,,,,,,,,,,,,,,,,,,,,,,,,,,,,,,,,,,,,,,,,,,,,,,,,,,,,,,,,,,,,,,,,,,,,,,,,,,,,,,,,,,,,,,,,,,,,,,,,,,,,,,,,,,,,,,,,,,,,,,,,,,,,,,,,,,,,,,,,,,,,,,,,,,,,,,,,,,,,,,,,,,,,,,,,,,,,,,,,,,,,,,,,,,,,,,,,,,,,,,,,,,,,,,,,,,,,,,,,,,,,,,,,,,,,,,,,,,,,,,,,,,,,,,,,,,,,,,,,,,,,,,,,,,,,,,,,,,,,,,,,,,,,,,,,,,,,,,,,,,,,,,,,,,,,,
head,255.88701,260.65,258.61386,256.0507,263.52963,259.02866,255.39871,253.96385,248.97517,251.62532,256.40155,253.84985,248.92532,246.38612,241.31546,238.98198,231.7082,226.31694,228.7317,231.08752,235.71825,235.1553,230.2173,230.4335,234.25774,237.43707,239.90823,239.01392,235.62679,232.91757,231.36176,217.1061,211.48007,217.84775,213.49493,214.40755,213.1172,212.7265,212.26732,209.329,207.51602,211.56387,212.6314,220.34323,207.80823,202.01682,197.8841,197.94803,200.69666,200.7182,201.42284,202.61937,204.30878,204.79517,205.4871,205.03583,204.37672,204.7502,204.3752,202.74675,202.7621,202.03207,204.5718,204.584,204.71425,205.90056,206.4192,208.38474,208.22223,208.99649,210.1226,210.84804,212.82071,211.5231,210.93692,210.8716,210.76483,212.9833,214.75455,218.46463,220.68538,222.58197,224.00876,216.51701,238.83119,225.13998,217.65495,214.61864,213.0438,212.18358,211.75166,211.82309,211.6383,212.1141,211.72986,211.2997,210.71426,210.3313,211.82773,213.51312,214.77362,214.00732,213.5322,214.12717,213.61592,213.018,211.89008,211.50047,211.42831,211.02606,209.60367,210.63733,210.91096,212.73038,211.4036,211.11905,210.37958,210.77734,212.42813,213.17497,213.65813,214.3413,215.15532,215.6744,216.34303,215.0396,214.93147,214.36288,214.20155,213.07382,213.89822,212.76065,211.74802,210.68059,210.58235,209.82869,209.65306,209.47676,209.42407,210.74257,212.99867,212.35869,209.76874,209.12534,209.09401,209.14055,209.2035,209.35162,209.39323,209.44968,209.47495,209.50934,237.9143,223.71484,214.53773,210.73228,209.20201,207.50383,207.14459,206.80191,207.06879,207.74168,207.4597,207.67035,208.50285,208.23317,208.65384,208.97906,209.15607,209.04507,209.88377,209.36238,209.20885,210.21799,211.0904,211.13081,211.10461,210.45735,211.6535,212.26025,213.1594,213.62544,213.65422,214.09273,214.9749,214.2397,213.50246,211.90013,212.01173,211.74503,211.24649,211.4927,211.30093,212.32176,211.56299,210.38933,210.84569,210.7449,210.65521,209.84006,210.44926,210.55669,208.91441,207.85619,207.81996,207.67628,207.62134,206.14563,206.56493,207.42928,207.42943,207.55896,208.18883,208.55238,209.12952,208.27744,209.99919,211.15355,209.7079,209.339,209.33955,209.30287,216.97847,212.68289,209.9865,210.48712,209.5956,211.00766,211.61406,211.07246,210.47826,210.80634,211.6374,211.28252,212.85922,213.02087,212.535,212.30939,211.72508,212.42747,212.88014,213.49281,212.4626,213.29228,212.54745,212.52832,212.30516,212.9597,212.84064,211.9267,211.74171,210.65752,210.7827,211.75209,211.75635,213.3852,213.00215,213.73424,213.27399,213.06479,209.87296,209.84235,210.87042,210.16562,210.1568,210.3749,208.89781,208.2778,208.84253,209.07426,210.68582,210.94145,212.99985,211.73918,212.56274,211.63942,211.77356,211.2723,210.20808,210.17033,210.50655,210.9738,211.95903,212.13512,212.02722,211.97203,211.58476,210.61758,211.40501,211.37943,211.32196,211.673,212.76349,213.6335,213.4773,213.37593,213.84747,213.37639,213.32437,214.49594,215.45416,214.7749,213.37706,212.96034,211.5876,211.54807,211.45831,211.1895,211.90248,211.07552,211.20293,211.38309,211.62108,211.96313,209.6973,208.96574,208.43935,209.24454,210.7112,212.71465,210.27074,209.38054,206.3602,207.99326,208.7687,227.01202,213.14178,211.1973,210.4454,210.13072,209.9895,209.92311,209.89116,209.87598
Lshoulder,129.52394,136.61035,132.24403,135.1198,139.70135,148.5779,140.23924,142.59216,148.02353,151.29028,161.46365,157.32787,158.37971,157.7981,157.48314,158.5833,164.75821,169.59282,168.4023,167.97777,166.0734,162.65007,162.04475,160.41193,161.19228,161.50706,161.07504,160.1659,161.26495,161.5598,161.17995,154.83374,157.2823,151.0816,150.77902,149.65945,153.25435,154.44382,156.65892,158.50237,155.59398,150.17685,148.48515,148.53616,145.56047,146.42267,144.31052,145.18547,145.97014,147.08199,146.47731,146.6981,146.33957,144.95361,145.07495,144.868,144.95021,144.68147,144.37418,145.57011,145.8182,146.35341,148.0672,147.9286,148.0413,148.45976,148.94637,141.29852,145.13885,147.97156,149.50879,151.04597,152.98639,153.8105,154.26791,154.1821,153.43872,153.36018,153.5765,153.42145,152.4601,151.82834,152.99214,160.6653,164.34431,166.40894,167.46051,168.00664,168.2918,168.41782,168.4865,168.52278,168.53288,168.53719,168.5657,168.58055,168.58685,168.58524,168.58331,168.57208,168.57896,168.5657,168.57413,168.5807,168.57884,168.56654,168.56989,168.57788,168.5666,168.58075,168.5872,168.56113,168.50319,168.43243,168.31886,168.37836,168.4612,168.50862,168.39674,168.2438,168.22935,168.309,168.32713,168.29073,168.2783,168.3794,168.419,168.40515,168.44922,168.42912,168.4576,168.50352,168.42937,168.50096,168.45648,168.5233,168.49786,168.4506,168.4848,168.35797,167.77248,167.76471,167.59404,167.71574,168.03557,165.50679,165.52419,166.67244,167.37556,167.2134,167.89594,168.16779,168.29672,166.94638,166.98904,167.51817,168.0189,168.3079,168.4315,168.51141,168.00792,168.03812,168.21175,168.33276,168.4269,168.49403,168.5279,168.23326,168.20657,168.32896,168.2787,168.27278,168.15782,168.2492,168.00186,167.92235,167.8339,167.93822,167.94774,168.05821,168.11993,168.22672,168.30135,168.33307,168.40305,168.48676,168.49727,168.53174,168.52893,168.43048,168.22787,168.15079,168.07246,167.94876,167.90002,168.12714,168.2215,167.86224,167.77272,167.45705,167.71687,167.63008,167.64432,167.61987,167.62462,167.76231,167.51955,167.62138,167.84558,167.24574,167.64713,168.05193,168.1607,168.30826,168.44164,168.23465,168.13652,167.5282,165.232,165.71982,165.18916,165.67499,164.33038,165.66699,166.94365,167.47668,167.512,167.66968,167.65717,167.44878,167.59462,167.89677,168.11061,168.28511,168.24405,168.25049,168.34575,168.44124,168.43486,168.46404,168.43607,168.43224,168.47115,168.48116,168.53249,168.55817,168.52225,168.49185,168.46637,168.51076,168.54497,168.55403,168.56454,168.54242,168.46004,168.42435,168.29996,168.2981,168.40381,168.42274,168.47446,168.52007,168.55397,168.57008,168.583,168.58994,168.59352,168.59428,168.5939,168.59541,168.57735,168.57443,168.58481,168.58733,168.57687,168.56868,168.57062,168.55835,168.55344,168.5222,168.51086,168.50922,168.55005,168.55461,168.56015,168.56981,168.57948,168.57928,168.57855,168.57472,168.58575,168.58955,168.53722,168.56517,168.56546,168.55632,168.57231,168.58284,168.58038,168.57947,168.57376,168.57172,168.53291,168.50815,168.47934,168.44952,168.40887,168.44008,168.48305,168.50992,168.54109,168.5506,168.4987,168.51201,168.42033,168.41917,168.31792,168.4315,168.49094,168.45052,168.48514,168.50856,168.4588,168.4061,168.44272,168.43289,168.40508,167.42944,167.68257,167.99895,168.2048,168.31975,168.38046,168.41216
Larm,279.0633,249.64856,248.59784,246.0374,246.78445,252.22974,255.701,252.02881,257.40433,259.97015,259.51477,267.65424,262.06628,261.29498,265.38678,270.03812,272.23965,265.87045,262.89294,264.43668,268.48087,267.72894,259.29205,266.07016,259.97504,256.93726,255.69456,259.699,256.44382,255.94594,256.56012,254.05902,261.36935,247.57861,238.73688,238.05876,245.1073,244.65407,249.02643,250.80496,245.73062,242.81076,239.52075,246.82817,237.7179,256.69092,265.62524,259.18686,256.0734,249.24403,259.28497,254.06425,251.1139,248.66763,248.56493,247.26515,248.66605,249.29126,244.74272,249.1137,260.22034,256.29242,256.45218,261.66684,252.03333,251.14612,244.3687,256.34482,247.33813,252.57878,254.83983,257.55185,257.69733,254.96175,250.2305,250.088,249.12636,251.79794,255.05078,256.3316,257.80136,261.65054,259.75208,304.49323,318.58545,320.83524,318.84372,316.42197,310.85043,308.82828,306.52878,305.92947,306.5677,300.6879,296.55835,291.54425,293.0902,294.4787,295.3001,292.09555,288.17377,287.9615,290.7991,286.43173,281.28387,274.10904,269.737,272.31503,273.93536,276.00223,276.75433,280.0862,275.30078,273.77112,273.5408,271.65817,278.96127,284.71024,292.4419,293.09515,293.75848,293.56296,296.05063,298.0462,302.42548,298.00186,308.0393,314.1562,309.49243,303.59137,307.22382,310.34195,312.06833,326.12292,314.5224,325.1262,325.30145,322.9449,328.5027,346.15427,359.7411,362.68,377.1901,281.50607,281.50604,281.50604,281.50613,281.506,281.50607,281.5061,281.50613,281.5061,281.5061,281.5061,281.5061,281.5061,281.50613,281.5061,281.5061,281.5061,281.50604,281.50607,281.50604,281.506,281.506,281.50598,281.50598,281.506,281.50604,281.5061,281.50613,313.168,295.63144,277.99753,273.11496,264.82565,262.78268,270.42004,266.8988,270.0954,267.7392,261.22772,259.69034,264.73682,267.6556,266.13547,265.98193,270.05188,270.49326,274.17758,286.03973,281.78592,278.13144,277.87283,279.22437,272.87036,272.9696,274.75528,276.06604,276.49066,276.7157,280.55798,282.5561,287.2488,286.762,287.80453,292.4334,290.42645,288.16736,292.45877,282.55215,283.79617,277.1341,273.09494,275.32,279.59512,284.7804,296.62732,287.06708,271.65262,257.86456,229.32344,227.0316,261.56433,281.10962,291.91495,292.2546,289.95047,286.53973,279.5804,271.2789,268.7462,261.1591,257.2802,260.73,260.43155,259.202,260.54266,258.51004,261.16983,264.0821,264.9273,265.83224,267.13983,269.12973,269.99713,273.11093,273.75116,269.30145,271.02945,271.88403,272.62424,276.65146,284.878,292.68576,309.93906,306.66037,301.7498,301.39682,301.4114,303.78195,302.24936,300.71063,299.029,293.75635,295.05264,298.11295,294.74463,290.67062,291.4566,293.5842,297.09348,289.3873,283.01355,281.16388,277.48074,275.58154,269.62973,267.9003,262.65616,255.81743,258.10806,259.4512,255.75734,251.98647,248.78763,249.43323,250.26852,256.5004,262.82956,272.111,279.94336,289.12427,289.82382,288.3256,292.24954,293.24823,299.899,299.93536,302.4896,307.28946,309.2854,310.32715,306.80322,300.8598,298.7357,301.55377,301.61258,306.46048,302.82724,299.85532,297.74173,296.4074,292.86655,295.1728,293.47705,290.7266,292.2912,292.40652,291.78702,291.25952,278.68866,264.41144,248.571,215.15604,193.82263,171.74493,153.20094,281.5061,281.50607,281.50604,281.50607,281.50607,281.5061
Lforearm,279.06332,336.8301,320.14783,318.63306,304.4258,301.7555,301.4363,304.65475,306.47134,297.90488,298.59033,300.0185,309.0384,312.97827,335.4707,338.56342,351.40402,354.01245,342.637,349.06635,346.61282,344.7862,354.52518,346.94775,350.03162,340.50424,353.69147,338.30212,342.07233,342.08798,341.75815,341.8162,341.10956,354.33853,353.34814,358.16006,371.31415,365.11163,361.77774,366.35257,346.79324,343.56198,361.10968,376.60446,370.48105,345.8413,333.98883,350.01654,363.31854,354.57272,330.9211,335.74985,332.3681,325.58685,328.5151,318.09933,320.57755,325.39966,319.1524,340.04,344.68573,342.88693,348.53656,340.40482,350.0745,346.83713,350.86554,337.02737,350.00052,367.9121,363.85788,354.7697,356.6793,352.14102,366.04562,365.79944,344.33685,363.93845,365.52023,360.95087,356.02213,340.64938,344.77188,312.39954,296.5267,291.8411,289.08084,290.6474,292.73172,295.3723,297.54092,299.73102,302.8158,304.18112,304.52344,303.81012,307.12317,311.3099,312.4854,311.92227,309.69852,311.20685,314.2492,315.41846,315.77493,314.65555,314.96634,314.4474,312.356,311.37198,311.62323,311.583,311.01642,308.03906,306.4503,306.46896,306.2626,304.64532,303.6538,302.79843,301.91428,300.5524,301.50674,302.25705,304.20245,301.29132,300.0209,296.77237,298.3734,301.4475,307.69992,310.59366,307.22513,308.1478,304.77618,303.1536,301.56558,301.35754,301.01233,299.9584,300.3215,300.36627,300.5782,281.506,281.50607,281.50613,281.5061,281.50607,281.5061,281.50604,281.5061,281.50607,281.50607,281.50607,281.50607,281.5061,281.50613,281.50613,281.5061,281.5061,281.5061,281.50607,281.50607,281.50604,281.50607,281.5061,281.50604,281.50607,281.50607,281.50604,281.50613,294.24863,305.9117,312.72693,316.1141,322.0389,323.86923,327.52634,326.57,322.3177,320.36124,319.186,320.94043,320.976,320.40976,320.3962,317.09415,313.8634,312.65732,311.5917,311.54312,309.95068,309.17032,308.58984,308.22208,308.48795,307.69733,307.83633,308.9219,310.13745,309.45224,310.61722,310.42633,311.10266,311.56915,312.61807,311.80804,311.82758,311.55933,311.60403,309.78726,309.00433,308.35428,308.15195,308.31088,308.47998,308.49103,308.43912,308.40778,308.3738,308.37622,308.22635,298.04822,280.7868,276.05734,275.41827,275.27164,277.31848,277.53,279.39404,279.53717,279.65775,280.5877,280.01535,282.8658,285.0037,285.84357,287.92532,291.421,294.62946,297.339,301.45926,305.69556,308.89963,309.16852,308.98672,311.11584,310.78516,310.874,308.4374,308.18805,307.0206,305.67957,305.5805,304.05563,304.26724,306.64206,307.28683,306.79526,307.4344,307.52136,307.45026,306.3394,307.64035,310.40964,311.20807,311.24673,309.17065,309.9713,308.66693,308.64432,308.53345,309.27203,309.64963,310.37183,309.7185,309.2558,311.4077,309.68875,308.65598,307.1404,306.83707,306.24802,306.54123,307.3755,306.14877,303.96527,301.46167,297.5203,293.68335,288.72644,285.24777,279.13904,276.82175,277.67822,279.79684,280.71213,280.92627,282.37015,281.71414,280.77103,282.64084,285.58832,287.9267,291.32385,293.1779,295.39246,296.40015,299.15234,301.45996,300.88306,301.97406,302.76596,301.5039,298.82376,295.06332,292.30847,286.5392,277.7419,274.94885,274.46802,274.58777,274.10596,272.9489,268.12405,251.20738,247.62416,256.64047,281.50607,281.50604,281.50604,281.50613,281.50604,281.5061
Rshoulder,129.52393,136.61035,132.24403,135.1198,139.70135,148.5779,140.23926,142.59216,148.02354,151.29028,161.46364,157.32788,158.37968,157.7981,157.48314,158.5833,164.75816,169.59279,168.40228,167.97777,166.07338,162.65005,162.04475,160.41194,161.19228,161.50706,161.07504,160.16586,161.26495,161.55981,161.17996,154.83376,157.28232,151.0816,150.77904,149.65945,153.25438,154.44382,156.6589,158.50238,155.59398,150.17685,148.4851,148.53615,145.56046,146.42265,144.31052,145.18549,145.97014,147.082,146.47731,146.6981,146.33958,144.9536,145.07497,144.86801,144.95021,144.68147,144.37418,145.57013,145.8182,146.35341,148.06721,147.9286,148.04129,148.45976,148.94637,141.29852,145.13885,147.97151,149.5088,151.04597,152.98639,153.8105,154.26791,154.1821,153.43872,153.3602,153.57652,153.42146,152.4601,151.82834,152.99213,160.6653,164.34431,166.40892,167.46051,168.00665,168.29181,168.41782,168.48648,168.52278,168.53288,168.53719,168.56572,168.58055,168.58685,168.58525,168.58331,168.57205,168.57896,168.5657,168.57413,168.5807,168.57883,168.56654,168.56989,168.57788,168.56662,168.58073,168.5872,168.56113,168.50319,168.43243,168.31888,168.37836,168.4612,168.5086,168.39674,168.2438,168.22935,168.30902,168.32713,168.29073,168.2783,168.3794,168.4189,168.40536,168.44911,168.42923,168.4576,168.50363,168.42937,168.50096,168.4566,168.5234,168.49786,168.45049,168.48492,168.35774,167.7726,167.76471,167.59404,167.71599,168.03557,165.50679,165.52419,166.67245,167.37556,167.2134,167.89597,168.1678,168.29674,166.94638,166.98904,167.51817,168.0189,168.3079,168.4315,168.51141,168.0079,168.03812,168.21153,168.33276,168.4271,168.49393,168.5277,168.23306,168.20647,168.32895,168.27861,168.27287,168.15782,168.2491,168.00179,167.92233,167.8339,167.93822,167.94771,168.05821,168.11992,168.22672,168.30136,168.3331,168.40305,168.48679,168.49727,168.53178,168.52893,168.43047,168.22787,168.15079,168.0725,167.94879,167.90002,168.12708,168.22142,167.86237,167.77266,167.45699,167.71687,167.63017,167.6444,167.61989,167.62462,167.76231,167.51944,167.62138,167.84558,167.24574,167.64714,168.05168,168.1607,168.30826,168.44153,168.23465,168.13664,167.5282,165.23212,165.71994,165.18939,165.67491,164.33041,165.66698,166.94365,167.47665,167.51202,167.66968,167.65715,167.44872,167.59467,167.89676,168.11061,168.28511,168.24405,168.25047,168.34572,168.44124,168.43488,168.46404,168.43607,168.43224,168.47118,168.48116,168.53246,168.55817,168.52225,168.49185,168.46637,168.51076,168.54497,168.554,168.56454,168.54242,168.46004,168.42435,168.29994,168.2981,168.40381,168.42274,168.47446,168.52007,168.55394,168.57013,168.583,168.58997,168.59352,168.59431,168.59393,168.59541,168.57738,168.57445,168.58482,168.58734,168.57687,168.56868,168.57063,168.55836,168.55344,168.5222,168.51088,168.50923,168.55005,168.55461,168.56017,168.56981,168.57948,168.5793,168.57854,168.57477,168.58575,168.58955,168.53722,168.5652,168.56544,168.5563,168.57228,168.58282,168.58037,168.5795,168.57376,168.57172,168.53291,168.50815,168.47935,168.44954,168.40887,168.44006,168.48303,168.5099,168.54109,168.55057,168.49867,168.51201,168.42032,168.41917,168.31795,168.43149,168.49094,168.45055,168.48512,168.50856,168.4588,168.40605,168.44273,168.43289,168.40504,167.42944,167.6826,167.99893,168.2048,168.31975,168.38046,168.41216
Rarm,279.06332,237.28833,239.75223,250.44583,248.44896,254.22145,259.36697,260.46237,255.77637,267.42728,263.42807,274.83673,271.3151,269.06525,271.0349,271.86197,272.85278,275.12292,276.5577,276.0677,269.765,268.76132,271.85184,273.04755,272.12775,266.76196,265.842,261.49283,260.78558,261.73196,263.35156,257.25098,249.97113,252.49246,251.31676,253.16173,254.24661,255.3561,253.27644,227.88063,241.01625,246.81929,226.08768,243.81253,241.26926,227.76376,230.03874,236.00485,239.59814,238.69894,211.37587,215.61893,216.10583,219.22562,222.2835,229.24785,229.08229,198.8049,210.64285,199.83322,218.60858,232.19934,239.368,242.56943,245.95378,250.31398,255.82321,259.82394,262.0848,265.68854,271.3724,271.23334,263.8351,265.27472,265.72314,267.35504,263.3362,250.0127,244.83333,246.45938,247.59612,250.79887,262.2302,405.85168,281.50613,345.07367,336.6887,334.12766,330.43372,329.42935,330.62448,326.53067,327.34415,320.80258,315.88705,310.40387,311.04388,317.14493,319.11002,321.22635,323.01242,321.56894,320.67538,321.28058,321.85464,325.40265,332.02298,335.78207,342.65323,337.5131,334.47446,331.5614,327.576,323.73672,329.03894,323.79617,319.7268,318.72363,319.76495,321.09482,321.94498,317.06644,296.68478,286.7492,284.67932,279.7917,283.94937,281.0243,283.6178,283.97705,283.4024,283.23865,290.80576,290.41797,295.5786,298.71713,303.43347,308.5181,309.1431,316.34024,326.98547,328.21796,315.77652,313.40393,308.47253,305.6332,302.84155,300.6386,301.85837,301.05875,296.92035,295.4912,295.14117,319.57886,335.7001,336.6406,339.5114,337.1945,341.13867,340.25043,336.14386,329.19897,328.96295,327.4366,323.02155,318.5928,318.86795,307.4072,301.6016,304.689,302.02423,300.66724,291.369,288.13403,294.59744,291.54968,290.6116,290.77438,296.49295,297.38058,298.7778,302.68625,305.4568,303.34998,304.09418,297.71323,295.03873,296.98444,290.09885,279.84528,271.15002,268.91425,270.38858,269.68768,276.5963,287.42105,296.32498,298.22614,294.69348,292.62573,285.5726,290.16074,291.86987,273.81094,281.50616,281.50592,281.50598,281.50607,281.50604,281.5061,281.50613,281.50616,281.50623,281.50623,281.5062,281.50613,281.50613,281.50613,318.77936,350.1867,369.59045,385.93884,389.54453,348.37253,334.5192,324.52975,318.7655,309.51837,306.58078,309.36142,307.6483,306.73886,303.1885,297.7987,300.93207,299.8449,297.91708,297.4231,297.19092,293.325,297.43964,297.8246,300.4773,309.06082,309.86194,310.4727,313.73273,308.7212,310.8295,311.68842,309.64322,303.81998,292.06903,292.05145,283.1785,281.3978,278.59848,276.2672,276.21872,276.99887,281.329,283.52234,288.78845,290.5475,294.2344,284.13687,279.52496,277.09616,277.41248,278.22733,283.35147,289.23773,295.46533,301.41467,299.103,294.6525,292.8864,287.8747,285.25128,287.662,289.3498,287.57748,290.46213,297.14713,295.40988,293.40143,297.17673,299.9254,305.08472,302.62198,296.33853,291.8727,294.04218,298.94284,299.7069,297.88315,298.15326,301.10617,304.16296,306.3521,307.11496,309.77408,310.68417,312.40314,312.4982,316.81595,313.63046,313.6624,316.4109,325.05072,318.95956,316.6007,311.3658,305.15405,298.23956,294.7789,292.06848,285.75104,285.91122,288.14053,290.86517,286.61365,277.9545,277.95255,258.73373,260.9106,262.43124,281.50607,281.50607,281.50607,281.50607,281.50613,281.5061,281.50613
Rforearm,279.0634,365.58127,355.69556,352.72305,345.5047,347.33102,356.68246,352.96036,357.61963,366.65765,349.9545,351.1193,345.81238,345.15598,332.74734,328.07266,319.25003,308.9743,316.95496,317.9014,325.62784,332.42505,325.328,335.0388,347.5843,347.97345,351.7482,354.31268,353.9516,355.52127,361.50137,368.4947,324.82617,378.45966,374.10748,371.16406,362.3131,353.61694,354.10498,347.03204,344.41614,346.03885,330.81415,338.65945,332.71402,320.85596,310.3144,298.76917,283.59833,267.70407,284.95755,277.4212,273.64584,260.14,259.80804,251.48065,258.3979,280.36703,288.97403,311.031,313.53305,316.0545,324.41818,329.78326,337.63736,338.3769,339.93683,343.43552,338.78018,348.939,343.66214,332.43808,335.03604,330.17505,334.35437,332.01926,333.23444,348.33124,344.37097,345.32797,340.85574,341.6688,332.9931,166.4966,281.5061,252.52,266.82178,275.45355,280.1267,283.4578,286.64392,289.2111,290.3657,290.95633,291.9852,290.2656,289.49567,289.63623,290.13165,289.9214,287.68695,285.7619,282.235,279.77423,278.57703,277.6718,276.06024,279.61957,282.48346,284.36743,285.88144,285.74295,284.85446,283.94995,284.75208,287.5828,291.73462,294.35248,297.62006,300.16724,302.0567,303.68707,304.7682,305.2581,305.36755,305.5091,305.55988,305.66748,305.60406,305.63354,305.64474,305.3584,305.47583,305.53485,305.6693,305.68652,305.7241,305.7286,305.68634,305.64786,305.67136,305.63467,305.66898,305.54886,305.51566,305.29312,305.43475,305.4364,305.38123,303.12497,298.22095,292.7008,288.14322,286.57288,288.22226,292.71075,298.56363,307.01282,312.92682,316.4168,317.17236,316.1256,316.95175,316.34958,315.94315,317.08603,316.69403,316.8796,317.63126,316.72366,316.72882,314.06055,313.4348,312.66098,311.9244,309.38965,308.29654,306.7219,307.31097,307.42978,306.53705,306.57446,306.56308,304.99902,302.01886,300.5331,301.60254,304.9819,309.80243,315.5268,317.34097,319.2841,321.46448,323.4571,322.18475,322.0132,323.62488,321.59665,325.05536,324.32114,324.09775,316.79584,320.78217,351.74384,281.50607,281.5062,281.50613,281.506,281.5061,281.50604,281.5061,281.50604,281.50607,281.50607,281.50607,281.506,281.5061,281.50604,290.02652,283.99725,281.42023,287.99826,301.81375,318.95767,317.74652,317.375,318.01605,315.50375,313.2415,311.44064,309.87616,309.23038,308.19788,305.1446,302.03604,298.50183,295.03845,292.96313,288.73926,285.9621,283.8628,280.3737,278.91132,278.10403,278.39606,275.64908,278.58386,279.89856,281.32828,283.5348,286.86835,291.18686,294.21487,300.25497,308.84174,312.8457,313.7826,314.48303,314.79865,316.78958,315.00192,316.2068,317.66937,315.88882,315.51242,312.47684,310.99228,310.2981,309.95334,309.79416,309.5197,308.11746,307.66455,306.61032,305.26443,302.62823,299.6183,296.96902,294.06104,291.89243,288.59036,284.43076,283.18118,281.9628,280.3955,277.21057,280.01184,281.71338,283.63528,283.79837,285.70404,289.7685,292.94135,294.77432,296.1123,295.56085,295.74738,296.9923,297.19003,296.02658,295.92258,295.5762,296.698,298.50336,300.28738,301.88916,303.29492,303.84344,302.94437,302.4788,303.32074,306.23206,309.96536,311.85574,313.24854,313.45587,314.40097,311.83185,314.307,313.99872,309.00452,305.5003,305.02554,298.74683,284.63318,270.44952,264.68994,281.50604,281.50607,281.50604,281.50604,281.50604,281.506,281.5061
torso,200.91785,195.0552,196.42604,196.24345,199.6323,193.22562,189.3504,187.86931,187.61655,191.28235,194.03865,195.0802,197.55818,199.47435,199.74231,197.31702,199.05347,199.00383,200.13121,200.99876,205.28287,202.64172,202.93407,202.87303,201.90988,203.4211,203.47145,203.53056,204.1792,203.84973,202.89825,206.80243,208.10394,205.95062,204.54057,202.4326,204.56062,207.15802,208.16814,211.54799,211.78392,208.67038,205.67972,202.23018,206.76447,211.76802,211.0885,209.99763,208.83415,210.32945,210.77542,210.19489,210.01755,210.01523,210.37602,210.59546,210.829,210.7506,210.53503,210.61896,209.64488,208.93956,207.03639,206.53084,205.75194,208.26736,207.32207,205.69695,205.0214,204.90923,208.2077,207.28636,206.89781,206.35664,206.28714,203.41301,203.15388,203.17558,202.76334,201.88824,202.6226,201.41719,201.01923,208.1431,211.57526,213.33923,214.28865,214.76865,215.01752,215.14305,215.19371,215.22337,215.22871,215.22118,215.23596,215.24495,215.24797,215.25331,215.24821,215.2367,215.24605,215.20676,215.15364,215.20442,215.22868,215.20958,215.23532,215.24939,215.23987,215.25401,215.26129,215.2632,215.24869,215.25197,215.19444,215.19666,215.22519,215.2423,215.24442,215.2143,215.22513,215.24443,215.23195,215.22675,215.23926,215.24643,215.25499,215.15291,215.20294,215.21909,215.22134,215.22665,215.24603,215.24918,215.2377,215.25066,215.23906,215.24728,215.25348,215.1379,214.91365,214.94699,214.374,214.44647,214.66545,214.8039,214.89346,215.05109,215.0965,215.15524,215.1813,215.21689,215.16779,213.07617,213.3953,214.07394,214.61789,214.9425,215.09659,215.18071,215.21382,215.1952,215.19106,215.2082,215.21472,215.20529,215.22504,215.2371,215.25075,215.25615,215.25743,215.26082,215.23729,215.21571,215.14977,215.18037,215.14188,215.15121,215.1632,215.18356,215.19391,215.21445,215.22034,215.22914,215.20338,215.20087,215.22731,215.24466,215.25644,215.2367,215.22224,215.24197,215.23727,215.23985,215.16835,215.14276,215.13815,215.20276,215.21643,215.2355,215.24675,215.2097,215.22914,215.23322,215.19565,215.14839,215.12698,215.01059,215.10185,215.1406,215.19627,215.17873,215.1802,215.21864,215.24077,215.12988,214.947,214.5634,214.68817,214.82434,214.94637,214.96397,214.8606,214.11417,214.48483,214.7561,214.99467,215.12445,215.1828,215.1939,215.2292,215.23952,215.18427,215.19495,215.18999,215.1738,215.176,215.21878,215.19844,215.21014,215.23889,215.24368,215.24084,215.20146,215.2207,215.23697,215.21054,215.09648,214.99545,215.08185,215.13629,215.15515,215.2106,215.21553,215.21074,215.1893,215.09726,215.13176,215.18047,215.17006,215.18402,215.2141,215.23405,215.23123,215.24762,215.24673,215.23473,215.24808,215.25305,215.24144,215.23788,215.24947,215.25151,215.17241,215.2079,215.21323,215.24118,215.21901,215.11191,215.14273,215.20184,215.21599,215.2112,215.18665,215.1693,215.20964,215.23885,215.25224,215.25668,215.18988,215.20442,215.22897,215.2266,215.24141,215.24623,215.25516,215.25554,215.25656,215.24908,215.24002,215.24802,215.24695,215.22888,215.21782,215.21535,215.21361,215.21786,215.24132,215.2499,215.25919,215.21298,215.2154,215.16814,215.19539,215.01436,215.1062,215.17981,215.18517,215.22601,215.17644,215.1802,215.13239,215.01788,215.10844,215.16858,215.17752,214.76128,214.75859,214.84181,214.90082,214.93425,214.95184,214.96057,214.96457
Lhip,221.8799,216.7719,217.64087,218.48929,221.78185,215.9813,214.61174,215.90895,210.96793,213.96695,217.14278,215.50636,218.31836,220.59558,221.53615,219.65239,223.23459,223.75192,229.43828,227.80717,233.41864,231.35794,230.54947,229.48376,228.56615,229.92525,228.90213,230.1803,231.30635,230.06097,228.6293,230.11028,232.2038,228.76674,226.54602,224.02386,226.62596,228.49158,230.0787,232.33511,232.6839,233.32979,228.27664,225.2666,230.19296,234.71175,235.96574,232.00429,230.41812,231.27318,231.76025,230.15063,229.76517,229.67715,230.07265,230.33202,230.46194,231.25319,230.97363,231.05042,229.97644,229.26392,227.5579,227.19524,226.79439,231.71635,231.98262,228.53954,227.10815,226.48125,229.87906,229.1464,229.32137,228.6614,229.86842,228.00963,227.77533,226.88321,226.15096,226.07155,226.33977,225.3749,225.13356,230.9661,233.86497,235.39333,236.19235,236.61266,236.84187,236.96277,237.0083,237.03693,237.04327,237.03523,237.04794,237.06224,237.06828,237.07445,237.06937,237.0584,237.06406,237.03006,236.97853,237.0267,237.05038,237.0326,237.05289,237.0665,237.05989,237.0699,237.08003,237.08327,237.06369,237.05237,236.98267,236.95673,236.99724,237.03326,237.04692,236.99193,236.964,236.97795,236.98627,236.98605,236.98839,236.99184,237.02467,236.94165,236.98367,237.00919,237.0063,237.01804,237.04706,237.0317,237.03882,237.79417,237.42131,237.23361,237.13338,236.91347,237.85161,237.22743,237.4869,236.86351,236.73523,237.0361,236.41243,236.41031,236.61163,236.7679,236.716,236.89357,236.90489,236.29669,235.74025,236.27008,236.5715,236.82254,236.94844,237.01248,237.04094,236.88916,236.8875,236.94322,236.97772,236.9918,237.02599,237.04517,236.98471,236.983,237.01442,237.00502,236.98221,236.93428,236.89688,236.86372,236.80919,236.79588,236.83244,236.85329,236.88992,236.92375,236.95543,236.98186,236.96628,236.98122,237.02596,237.04424,237.0635,237.28767,237.3436,237.1503,237.04294,237.20497,236.9872,236.88315,236.89641,236.9588,236.87323,236.86325,236.79314,236.82188,236.81743,236.82419,236.78383,236.74196,236.7563,236.59082,236.6988,235.55733,236.15678,236.52924,236.7586,236.88387,236.9689,236.91412,236.70384,236.58356,239.8743,240.59273,243.19351,243.17381,243.51361,240.1276,242.60106,239.4394,238.03426,237.35878,237.08894,236.9274,236.83035,236.84238,236.85257,236.90881,236.94464,236.91847,236.92143,236.98358,236.98856,236.99757,237.03085,237.02832,237.02475,236.99863,237.01855,237.04602,237.02835,236.91592,236.81667,236.88882,236.94923,236.97482,237.02736,237.03447,237.02464,236.98485,236.89243,236.89311,236.93683,236.9535,236.97083,237.01093,237.04025,237.04607,237.06496,237.06729,237.0581,237.0711,237.07585,237.06523,237.06233,237.06842,237.06952,237.00027,237.03311,237.03542,237.0588,237.03914,236.93887,236.96562,237.01155,237.02162,237.01683,237.00464,236.99002,237.02802,237.05692,237.0715,237.07545,237.01463,237.02689,237.05191,237.05066,237.05122,237.06248,237.07068,237.06876,237.07365,237.06946,237.06061,237.06764,237.06526,237.04836,237.02869,237.0204,237.0117,237.00818,237.01942,237.0349,237.05399,237.01868,237.02855,236.98799,236.99988,236.83885,236.89958,236.9661,236.94601,237.26079,237.343,237.16316,237.01842,236.87425,236.73012,236.87921,236.32465,236.13625,235.7474,236.1054,236.41861,236.60829,236.71124,236.76453,236.79126
Lthigh,426.80273,431.00812,429.51764,430.81836,432.38574,442.41547,438.18335,437.49588,435.38034,423.89264,418.4643,424.79544,427.62732,434.8316,438.34546,442.9136,441.00732,443.87094,446.1265,447.20752,433.20255,442.97388,446.33997,444.161,448.71783,446.69537,446.95068,446.1225,446.6821,449.05652,451.90652,459.49887,463.57086,470.1112,460.4912,458.31113,461.8614,465.96597,466.6882,463.24487,469.38138,468.06927,466.6581,463.78156,463.88748,465.3836,468.0024,473.03354,474.8775,472.7017,469.17908,472.54712,471.52362,471.56152,472.40436,473.49435,472.11102,471.44476,469.72516,470.1908,470.7438,470.9945,470.64526,472.02167,473.0862,474.32117,474.32123,473.66684,475.09485,472.48053,462.21353,464.7046,464.61142,463.95328,455.43668,450.3424,458.52313,459.14526,458.65805,457.46298,449.07794,450.05536,447.5677,439.0041,431.56857,431.05292,430.6588,430.58145,430.54178,430.507,430.51236,430.4881,430.46768,430.45627,430.15732,429.92276,429.7114,429.9112,430.2157,430.37265,430.44196,430.4008,430.3838,430.25806,430.21027,430.29907,430.39926,430.17664,430.19073,430.2793,430.30035,430.38275,430.41354,430.46912,430.49048,430.4587,430.4665,429.88754,430.03986,429.89984,430.0016,430.0085,429.97253,430.00595,429.9774,429.8941,429.83066,430.05807,430.2089,430.1409,429.97424,430.0552,430.12003,429.2137,428.69772,430.53873,428.90976,429.34473,429.72745,430.53867,421.87564,425.5438,423.0919,425.76114,426.66504,426.8691,428.28534,428.66162,429.48065,429.62695,429.4866,429.6943,429.79398,430.0832,429.98926,429.97168,429.85342,429.7484,429.57217,429.82806,429.78766,429.92853,430.0672,430.09665,429.9496,429.94128,430.194,430.36237,430.3576,430.191,430.2794,430.25903,430.11264,429.84375,429.53152,429.92178,430.13223,429.99612,430.03644,430.05298,430.18146,430.31198,430.25266,430.12573,430.20517,429.65002,429.34485,429.42825,429.667,429.92072,430.09827,429.99094,429.9611,429.60107,428.93445,429.3335,429.8379,430.0982,429.94424,429.8576,430.10385,430.29736,430.3175,430.26382,430.2033,430.0997,429.92883,429.59842,429.89682,430.21072,430.12842,429.95358,429.63843,429.63876,429.7603,429.93576,430.1171,429.97977,425.27863,427.1928,425.85904,426.93478,427.5479,427.49222,430.99295,429.84216,429.52673,429.0398,428.36188,427.51868,427.33838,428.1029,428.91217,429.30255,429.77417,430.15314,430.02512,430.15088,430.0467,429.8144,430.09076,430.20355,430.25833,430.0821,429.83713,429.70947,429.7655,429.92502,430.02298,429.7716,429.75043,430.12802,430.12097,429.90234,429.90363,429.15015,428.73956,428.02246,427.37958,415.03912,412.29758,412.7109,410.5657,407.44693,408.17844,405.4963,404.60727,397.8035,385.54297,380.03296,389.24734,390.4704,397.16632,402.64548,400.26804,402.544,403.13464,406.9542,402.56577,413.53748,421.14938,425.37872,427.48404,428.85385,429.35577,429.7006,429.795,429.94366,430.1702,430.22488,430.33197,430.3639,430.41318,430.3607,430.44238,430.4497,430.42694,430.41684,430.37766,430.45782,430.47742,430.47476,430.49417,430.40128,430.37775,430.45087,430.47803,430.47696,430.4783,430.5077,430.45456,430.43143,430.4638,430.4271,430.4372,430.3575,430.41553,430.47156,429.87167,428.94818,426.85883,421.10965,404.3482,376.13324,397.8404,430.5386,430.5387,430.5387,430.5387,430.5387,430.53867,430.53867,430.53873,430.53873
Lleg,410.38727,453.08194,458.46973,458.0168,425.35522,397.86444,417.76566,422.38348,419.904,429.57153,422.94284,364.8907,368.30942,454.53485,451.3005,447.88846,436.31702,429.0391,427.71664,431.35495,431.39716,434.09897,434.51846,439.32837,455.86127,464.4118,467.2019,466.9443,461.09866,455.70312,447.7673,435.33694,436.20886,440.2841,450.10855,445.73697,439.52066,456.19376,448.64008,441.82565,436.65036,442.23672,440.46182,440.5608,441.21817,441.60553,443.36304,440.39896,444.602,438.14703,436.94098,436.3549,442.83533,446.86798,452.92645,452.04047,436.4898,446.07068,436.69257,430.8531,426.26294,427.02676,430.2578,444.69186,440.59253,467.53937,466.26285,456.559,455.60397,448.43958,445.70856,444.017,427.18463,418.88715,416.3071,421.5445,410.88242,409.57028,409.4192,412.84952,416.99664,418.8194,425.04315,416.7046,414.5395,414.22885,413.82758,413.87146,413.90164,413.90805,413.88663,413.92438,413.94107,413.8444,413.80508,413.68326,413.68192,413.57275,413.631,413.64786,413.7494,413.78757,413.76294,413.71414,413.56042,413.64554,413.7219,413.7886,413.86832,413.9204,413.91168,413.9309,413.9291,413.95288,413.84027,413.83255,413.82355,413.89532,413.8145,413.83246,413.73236,413.77054,413.54114,413.44556,413.64044,413.70004,413.8262,413.87253,413.65012,413.7165,413.66147,413.77405,412.83838,413.11423,407.62814,413.97955,409.21277,410.206,410.9921,413.9795,406.84793,409.7381,411.85547,412.3111,413.13742,412.86572,413.0293,413.4918,413.65427,413.67798,413.486,413.7001,413.71902,413.75607,413.59222,413.72986,413.36038,413.59906,413.78232,413.79306,413.57922,413.44183,413.49457,413.628,413.6304,413.4976,412.9291,412.43323,412.5947,411.776,412.80853,410.46893,409.64127,408.64355,409.5937,411.27734,412.34903,412.9796,413.38644,413.49954,413.2225,412.92032,413.12268,413.2564,413.28693,413.38998,413.581,413.5272,413.42258,413.07147,413.20084,412.76294,412.76624,412.76706,413.0048,413.3566,413.23566,413.42007,413.63504,413.3988,413.48224,413.39764,413.68164,413.75537,413.65247,413.66626,413.17975,412.82956,413.15695,412.70535,412.80325,413.11972,413.00186,413.1529,413.44244,413.64297,413.68387,413.81317,413.60757,413.7875,413.7926,413.8523,413.2321,413.26016,412.76712,412.27383,412.99545,412.24673,412.14352,410.7545,410.866,412.18762,412.9745,413.44138,413.56107,413.63455,413.50757,413.09164,413.0756,413.18106,413.35266,413.09528,413.3593,413.17493,413.44095,413.59732,413.5501,413.7038,413.56482,413.71686,413.63354,413.67236,413.31454,412.86826,412.609,413.18576,413.27686,413.28653,413.34103,412.9683,413.06207,413.45972,413.40314,413.51645,413.58984,413.73376,413.82727,413.66107,413.67978,413.6351,413.65878,413.6337,413.8003,413.88867,413.73404,413.743,413.5514,413.52045,413.58377,413.05405,413.487,413.7038,413.79428,413.8332,413.88217,413.90128,413.89258,413.85605,413.85696,413.68597,413.71887,413.54034,413.48227,413.62033,413.56567,413.63797,413.66492,413.8082,413.6891,413.8084,413.73724,413.8499,413.887,413.63425,413.55368,413.7213,413.8162,413.86118,413.9148,413.91232,413.94485,413.91687,413.93216,413.82938,413.8761,413.64832,413.48514,413.1805,412.45398,412.8174,412.95303,402.16357,398.74225,404.487,408.58917,413.97952,413.97952,413.97958,413.97952,413.97955,413.97955,413.97955,413.97946,413.9795
Rhip,221.8799,216.77193,217.64088,218.48929,221.78181,215.98126,214.61168,215.90898,210.96794,213.96693,217.14278,215.50633,218.31833,220.5956,221.5362,219.65239,223.23463,223.75192,229.4383,227.8072,233.41862,231.35794,230.54941,229.48376,228.56615,229.92526,228.90213,230.1803,231.30637,230.061,228.62929,230.11026,232.20377,228.76675,226.546,224.02386,226.62595,228.49155,230.07872,232.33508,232.68394,233.3298,228.27664,225.26662,230.19293,234.71172,235.96573,232.0043,230.41809,231.27318,231.76027,230.15063,229.76517,229.67717,230.07263,230.332,230.46198,231.25319,230.97365,231.05038,229.97647,229.26393,227.55794,227.19522,226.79436,231.71635,231.9826,228.5395,227.10815,226.48128,229.87907,229.1464,229.3214,228.6614,229.86842,228.0096,227.77531,226.88324,226.151,226.07156,226.3398,225.37488,225.13356,230.96611,233.86497,235.39336,236.19235,236.61267,236.8419,236.9628,237.00833,237.03693,237.04321,237.03517,237.04791,237.06224,237.06827,237.07448,237.06934,237.0584,237.06401,237.03003,236.9785,237.0267,237.05037,237.03262,237.0529,237.06653,237.05989,237.06985,237.08,237.08324,237.06364,237.05235,236.9827,236.95671,236.99727,237.03319,237.04689,236.99191,236.96404,236.97804,236.98631,236.98605,236.98842,236.99187,237.02464,236.94177,236.98367,237.00922,237.0063,237.01805,237.04707,237.03168,237.03885,237.7942,237.42126,237.23355,237.13342,236.91344,237.85168,237.22743,237.4869,236.86356,236.73534,237.03621,236.41245,236.41022,236.61171,236.76788,236.71602,236.89345,236.90483,236.29662,235.74028,236.27003,236.57156,236.82257,236.94853,237.01242,237.04095,236.8893,236.88751,236.94322,236.97772,236.99185,237.02602,237.04512,236.98468,236.98302,237.0144,237.0051,236.98225,236.9343,236.8969,236.86375,236.80919,236.7959,236.83247,236.85332,236.88994,236.92378,236.95547,236.98189,236.96631,236.98128,237.02599,237.04431,237.06355,237.28772,237.34361,237.15031,237.04294,237.20499,236.98723,236.88315,236.89642,236.95883,236.87321,236.86328,236.79315,236.8219,236.81743,236.82419,236.7839,236.74191,236.75626,236.59079,236.69879,235.55736,236.15675,236.5292,236.75864,236.8839,236.96892,236.9141,236.70383,236.58351,239.87427,240.5927,243.19354,243.17384,243.51366,240.1275,242.6011,239.43933,238.03423,237.35873,237.08891,236.92734,236.83037,236.84232,236.85255,236.90878,236.94464,236.91843,236.92143,236.98358,236.98854,236.99756,237.03082,237.02827,237.02478,236.99858,237.01852,237.04597,237.02832,236.91592,236.81667,236.88884,236.94922,236.97481,237.02737,237.03445,237.02463,236.98485,236.89244,236.8931,236.93687,236.95349,236.97087,237.01097,237.04028,237.04608,237.06499,237.06734,237.05815,237.07117,237.07591,237.06525,237.06235,237.06839,237.06955,237.00029,237.03316,237.03546,237.05878,237.03914,236.93886,236.96565,237.01158,237.02164,237.01685,237.00464,236.99,237.028,237.05692,237.07149,237.07545,237.0146,237.02687,237.05186,237.05063,237.05121,237.06247,237.07066,237.06873,237.07362,237.06944,237.06058,237.06761,237.06522,237.04834,237.02873,237.02039,237.01166,237.00816,237.01938,237.0349,237.05394,237.01863,237.02856,236.98796,236.99988,236.8388,236.89955,236.9661,236.94598,237.26076,237.34297,237.16316,237.01837,236.87427,236.7301,236.87921,236.32466,236.13626,235.7474,236.1054,236.41861,236.60829,236.71126,236.76453,236.79126
Rthigh,426.80276,426.73657,428.41992,430.67,431.24707,428.92847,424.2157,423.30658,428.74686,414.4137,419.74124,427.14676,422.08252,417.97778,420.6576,428.0888,430.15286,428.01807,423.9217,433.54517,432.7215,436.42993,435.31522,437.97977,437.87952,434.36386,433.8909,437.7163,439.74292,441.74216,443.18555,443.64438,448.02823,451.93118,451.73572,454.1445,479.59055,467.41165,459.15802,445.49527,436.51508,442.96484,452.8872,449.87152,448.64978,442.8365,446.42435,452.95956,453.8094,456.29196,457.65247,458.57156,458.56982,457.68295,458.08817,462.3716,460.0926,458.4293,457.95337,457.86697,457.99814,458.50558,459.13525,459.9405,460.8179,444.55286,444.3688,451.93835,456.1678,469.45764,459.50076,459.88437,453.86267,454.9173,452.19617,453.22192,452.69418,452.5846,450.77365,447.0509,446.71878,443.16937,442.44653,436.48328,431.69,431.19415,430.67657,430.57822,430.46237,430.47534,430.5009,430.44034,430.4645,430.43643,430.4388,430.35464,430.43286,430.4669,430.45206,430.47723,430.3468,430.20886,430.22018,430.16583,430.0139,429.9908,430.1948,429.85403,429.54907,429.64224,429.75333,429.64978,429.80753,429.9932,429.76996,430.14728,430.2644,430.3645,430.35956,430.2711,429.82443,430.04514,429.94345,430.09808,430.2139,430.28836,430.3019,430.3048,430.38013,430.27908,430.00195,430.06232,430.05505,430.14636,430.23376,430.22598,430.3339,430.40256,430.42917,430.4708,430.33777,430.1303,425.70837,427.38962,428.41138,429.4121,429.8172,429.91425,430.05807,429.8847,429.8721,429.6659,429.57227,435.18805,432.07867,430.2729,430.19852,430.3341,430.39703,430.4661,430.19302,429.96405,430.1304,430.27835,430.32776,430.14447,430.08032,430.0551,429.80103,429.51456,429.4668,429.37485,429.69962,429.92407,430.03308,430.11942,430.2057,430.24466,430.38556,430.2116,430.24954,430.323,430.1716,429.703,429.26627,429.115,428.0945,427.9016,428.1048,427.04382,428.0829,429.29282,429.8724,427.87125,427.73083,428.6274,429.51593,429.945,429.78348,429.8802,430.06296,430.264,430.36166,430.439,430.48032,430.40936,430.365,430.428,430.4013,431.222,429.8527,429.05292,427.80658,427.5763,427.44202,426.52982,427.3482,430.53876,430.53867,430.53867,430.5387,430.53867,430.5386,401.2468,430.53867,419.22476,423.2578,426.58963,428.18823,429.14368,429.74368,429.87564,429.9258,429.9657,430.0225,430.26898,430.13187,430.00928,430.12604,429.66904,429.98413,429.99268,430.21243,430.2295,430.1534,430.24097,430.12122,430.11606,429.91626,429.60336,429.14447,429.2455,429.1463,429.39166,429.28973,429.7449,429.88553,429.2679,429.44,435.86267,437.40186,439.74713,436.55615,432.4569,432.47388,427.9004,426.52618,425.3556,417.62274,406.1461,405.0012,397.75204,396.99637,394.4515,393.72934,394.08527,396.49768,398.20377,410.95688,419.12708,424.02313,427.02145,428.3418,428.84647,429.39972,429.79037,430.04565,430.11484,430.22818,430.29688,430.34662,430.41235,430.42657,430.26416,430.37363,430.3889,430.44333,430.4341,430.43005,430.47903,430.44547,430.42035,430.41367,430.4181,430.43732,430.4035,430.461,430.4987,430.51758,430.51816,430.49738,430.45148,430.4711,430.20227,430.27933,430.11642,430.16254,430.28156,429.88126,429.0462,428.2496,427.77863,427.48877,433.29492,430.53867,413.27377,430.53876,368.5597,430.5387,430.53867,430.5387,430.53873,430.5387,430.53867
Rleg,410.38727,425.80475,456.53976,452.9103,392.45996,383.4951,383.29587,385.98843,388.66888,388.3042,390.1389,399.53854,404.60345,412.56003,414.80093,412.06403,406.3008,410.31503,411.50058,417.621,426.68237,451.84436,446.66092,441.63123,437.31497,447.49957,438.3593,434.5153,425.8326,423.55283,431.8421,432.1671,443.06436,444.3383,452.38367,417.34018,400.17184,409.5621,408.43604,401.34064,435.65433,451.56546,457.7651,458.14612,454.74857,444.24307,442.0089,443.56314,442.21515,441.6202,443.01025,468.71857,466.93234,465.75873,456.36108,446.9684,433.0726,439.89185,440.35223,443.65262,435.96207,432.06396,430.38034,452.58707,445.91217,450.68213,447.348,426.24368,434.7746,424.94565,434.53943,425.68365,429.5442,430.2018,428.32462,421.57388,423.2449,424.56876,424.79163,424.27426,425.981,427.93747,427.62366,418.85834,415.73553,414.79117,414.14655,414.04532,413.87082,413.84467,413.8577,413.7852,413.75754,413.81396,413.87216,413.75415,413.84604,413.8684,413.70572,413.73892,413.56317,413.13467,413.17673,413.12292,413.2738,413.61218,413.57114,413.6086,413.38812,412.89984,411.73697,411.67285,412.08655,412.8399,413.03976,413.21152,413.0461,412.8953,413.2535,413.44604,413.6595,413.42322,413.50586,413.39175,413.1301,413.14282,412.90225,413.32886,413.4592,413.28214,413.61002,413.7298,413.78876,413.821,413.60724,413.62595,413.7666,413.71545,413.21896,413.12552,413.44043,413.67258,413.3878,413.65958,413.8059,413.31665,413.2776,412.93082,412.96304,412.84583,412.40286,412.40845,412.27942,412.22852,412.55872,412.888,413.4119,413.6406,413.71243,413.63086,413.643,413.33154,413.5651,413.45474,413.65195,413.4456,413.68582,413.00366,413.11554,413.24463,413.4524,413.6713,413.77658,413.87534,413.4847,413.33798,412.98557,413.2305,413.01398,413.23447,413.20038,412.97556,412.9385,412.47195,412.59595,412.66763,410.72418,410.90332,411.40817,412.67395,413.0853,413.123,412.42413,412.85266,413.06052,412.87817,413.11224,413.06525,413.18433,413.4706,413.69876,413.8259,413.8438,413.82956,413.5396,413.4895,413.3515,412.93613,412.893,412.47845,412.05777,411.40463,411.89026,411.90717,408.8188,403.38928,403.6702,413.97955,413.9795,413.9795,413.9795,413.97955,413.97955,400.6992,413.9795,399.91852,405.8414,408.96478,411.28818,412.5676,413.18982,413.20273,413.44437,413.20795,413.25293,412.85144,413.11276,413.23148,412.58118,412.91495,412.9166,413.17548,413.4388,413.544,413.6484,413.6066,413.7769,413.78696,413.70538,413.7059,413.4508,413.12668,413.39984,413.25723,413.2857,413.4539,413.34738,412.206,408.99246,409.24005,410.51627,411.49915,412.10974,412.50342,412.7559,413.00873,413.29898,413.54773,413.7381,413.79153,413.78766,413.57877,413.55212,413.43445,413.5777,413.51074,413.52087,413.2639,408.14322,409.99084,410.7404,411.2783,411.42645,411.80777,412.25308,413.02274,413.49802,413.6971,413.76993,413.78204,413.87643,413.9011,413.90576,413.8414,413.77707,413.77652,413.86017,413.64807,413.75266,413.73273,413.8378,413.89807,413.5883,413.7565,413.8678,413.71817,413.78073,413.85907,413.83118,413.7934,413.8518,413.91125,413.75412,413.51318,413.6314,413.74042,412.78934,413.0659,412.2769,412.69882,412.4961,413.0427,412.64185,409.48892,413.97946,371.2089,413.9795,351.9223,413.97955,413.97952,413.97952,413.97952,413.9795,413.97952
Bone radii,,,,,,,,,,,,,,,,,,,,,,,,,,,,,,,,,,,,,,,,,,,,,,,,,,,,,,,,,,,,,,,,,,,,,,,,,,,,,,,,,,,,,,,,,,,,,,,,,,,,,,,,,,,,,,,,,,,,,,,,,,,,,,,,,,,,,,,,,,,,,,,,,,,,,,,,,,,,,,,,,,,,,,,,,,,,,,,,,,,,,,,,,,,,,,,,,,,,,,,,,,,,,,,,,,,,,,,,,,,,,,,,,,,,,,,,,,,,,,,,,,,,,,,,,,,,,,,,,,,,,,,,,,,,,,,,,,,,,,,,,,,,,,,,,,,,,,,,,,,,,,,,,,,,,,,,,,,,,,,,,,,,,,,,,,,,,,
head,73.122795,69.76971,67.466606,67.43982,66.56246,64.61442,65.88666,64.04413,67.48796,69.30801,65.54836,65.56818,64.69916,62.07385,61.691196,61.312218,64.18256,63.7514,63.0602,60.16473,58.909344,57.565434,59.670177,60.473984,60.50125,59.64759,59.076923,58.952843,59.26989,60.217564,63.380836,68.11255,67.018234,60.663563,62.083008,63.363125,64.061,65.22543,66.29645,69.66843,68.75984,69.135574,70.576164,71.131004,68.175674,66.62989,67.29648,65.554405,63.36135,63.605114,62.89536,61.708214,59.516937,60.21013,60.647526,60.12668,60.533623,60.555294,62.436317,61.11892,62.3311,62.841312,61.509586,62.51967,61.177353,62.32199,62.091526,61.621925,64.07339,63.5615,63.81018,63.919895,64.073746,64.04802,64.78502,64.25737,64.37051,64.41454,64.18811,64.142715,65.28924,65.787926,65.31579,71.254425,74.20056,78.48839,82.132675,83.54305,84.29531,86.25524,84.4786,80.710556,83.627914,83.58359,81.75887,83.75193,82.67999,84.87539,84.21566,84.70225,80.58277,76.95287,69.68852,70.808266,74.172,77.45126,75.08365,73.67487,74.94876,76.96907,76.27673,77.30713,81.402824,82.61716,93.140045,93.75386,96.07036,95.74825,95.43645,102.52228,101.0757,102.11586,102.75256,103.56304,101.85672,101.88025,99.61912,93.89957,99.05172,100.759125,100.193474,94.901985,96.74776,91.45258,88.952095,82.22106,78.98932,77.05482,69.834045,64.40015,62.638878,57.384315,65.45959,71.428,65.70827,49.401943,54.4903,62.734013,68.20177,73.12018,78.729,91.172966,65.69985,74.75018,90.12576,100.73354,108.831604,116.8522,116.664375,124.11328,121.05624,119.80674,120.14479,117.99998,118.738655,117.84711,119.83326,118.879234,117.93817,111.26756,104.8405,103.75689,94.4374,88.16615,89.36473,90.87846,89.217865,89.34073,91.1729,91.78012,91.64754,93.35432,94.40857,92.15682,92.63135,88.51479,84.92628,81.55962,79.36882,76.60573,77.06958,78.11418,79.2555,78.25339,79.57042,80.73089,83.38709,81.70655,85.14999,88.29611,89.72312,92.86571,93.89936,96.02334,97.15447,99.31686,104.44576,105.14851,107.25338,112.14756,116.23677,113.97975,109.79154,104.79204,98.7686,93.64248,88.978165,100.865395,84.891266,69.09031,67.3332,87.353584,75.72844,71.80784,66.82121,68.39192,66.355,66.88254,68.651344,71.65024,73.7226,77.231224,75.320854,78.02692,77.91255,79.29872,80.03112,81.66967,77.74612,76.9687,75.067024,76.68512,76.94517,81.09469,84.130905,88.13878,88.12557,86.56046,85.74626,86.768776,85.3506,85.4621,90.37245,90.24922,90.4046,89.79387,91.04259,91.632645,88.77891,90.36723,89.814476,89.314384,89.58586,86.4486,89.675674,87.17994,83.80891,85.386505,85.6975,80.055595,80.47423,76.708275,76.05044,78.343056,75.17512,78.04447,74.72209,72.93618,76.36022,76.16142,74.8323,72.9437,73.004974,73.30048,73.60508,75.32333,74.90576,73.72598,74.234764,76.71206,76.39978,78.423195,80.447784,82.036156,78.708206,79.9276,80.38708,77.86693,74.66996,76.73877,77.466415,77.3724,80.29057,77.73381,74.79298,75.44596,73.8777,74.007095,78.75222,82.98542,84.741,86.20593,85.929695,88.709496,84.8141,86.14629,85.28478,90.531136,92.282074,103.54561,107.61063,121.94962,138.07664,155.60326,163.80675,153.45737,179.20796,199.03009,NaN,NaN,NaN,NaN,NaN,NaN
Lshoulder,81.98682,74.94636,71.42648,64.37772,63.87696,61.021038,56.4979,53.827812,53.723812,54.764477,55.77613,56.98646,54.079494,54.251907,55.851562,56.33451,56.66706,56.543667,56.732773,57.136826,56.784954,56.801735,55.525646,56.12237,56.406334,57.467285,59.484295,60.811523,61.81311,60.989082,57.61406,54.993385,54.474537,57.13534,60.932777,65.410675,66.76824,70.57009,76.32435,80.02419,78.88058,74.25055,74.6053,76.059074,70.80523,74.035675,72.31692,71.81938,71.8846,71.72898,72.416954,72.12243,71.83283,70.59258,71.211,71.99228,69.08272,71.34563,67.51534,68.3974,66.84543,67.275314,69.68743,68.2965,64.80273,63.295742,62.892475,62.61932,61.297928,61.35799,61.49375,59.89018,60.08346,57.186012,56.762558,53.93738,54.131763,54.793163,54.435432,55.118305,55.926712,56.367386,56.208557,56.099247,55.9948,56.39318,58.27601,57.450787,55.647358,53.742886,53.399418,54.049862,53.6308,53.131268,54.55007,55.43822,57.01815,59.01956,58.742123,59.696632,59.242466,60.666702,60.396008,61.245518,61.702835,60.215263,58.87348,56.346073,58.468727,57.223392,54.150528,57.201466,55.065857,54.303425,52.54816,52.42132,55.175632,52.90165,51.878613,49.65807,51.874954,48.070305,49.427654,47.794136,48.83354,46.516167,49.030857,48.705868,52.66153,47.649055,53.809635,51.456177,44.607445,51.186577,56.964695,58.14285,58.03791,49.500828,52.929325,54.176895,61.653484,18.006046,34.176495,NaN,NaN,NaN,NaN,119.163635,112.93272,113.088295,124.108635,128.13084,116.56572,129.01437,129.39844,125.106346,123.63258,125.57325,127.965904,127.85517,123.1806,121.7751,123.04557,119.04124,116.76311,123.46154,123.138245,147.9187,157.85666,187.93123,195.14706,201.10797,109.67619,110.33315,112.93071,116.464874,115.3746,116.00619,116.77533,114.638374,113.431786,114.854996,113.9799,111.62063,111.114426,109.34648,105.85542,101.29876,97.249725,89.85398,87.98245,86.27231,89.56992,94.74169,96.56947,101.06364,106.536766,111.6865,116.98196,117.49963,119.26303,118.40088,114.26142,110.292885,108.527664,106.296104,105.78115,103.79911,98.71192,96.302864,92.69708,99.138954,100.19795,106.28375,104.8011,93.882545,81.7706,65.221886,50.144398,43.246826,43.36314,44.535286,41.42755,48.290283,51.31947,55.961857,52.44268,56.236126,55.335274,57.0474,63.075947,64.3587,62.4045,63.020905,64.46291,63.649616,63.203056,63.822887,60.997112,61.656178,60.22168,60.44617,62.21549,64.39961,65.888664,63.785954,60.737213,58.477173,57.34438,54.887394,52.39405,50.6709,51.77998,51.17299,48.82456,48.925957,47.130272,47.30545,49.018,50.17486,52.132225,54.017914,54.223564,54.723103,55.248253,56.25228,56.000896,57.59157,58.7082,59.713245,61.00241,59.46935,58.90165,59.609505,60.40966,60.02296,60.057423,60.975994,62.010147,62.106125,61.885494,61.525078,62.556606,60.937183,61.55215,61.185734,60.41229,61.40386,62.525887,60.480927,59.200314,56.930286,55.829166,54.64402,54.549282,53.281647,50.908928,50.75384,48.708652,48.446026,48.183147,46.86474,46.729015,45.128376,46.315605,45.29857,44.9154,44.251076,45.284573,46.249146,46.79318,49.455093,49.157604,50.668156,51.016113,51.95868,52.255634,51.993206,53.015854,61.34585,69.16857,88.178696,108.89705,138.10434,166.8738,155.7472,169.81714,188.19308,NaN,NaN,NaN,NaN,NaN,NaN
Larm,55.90199,52.36481,47.826508,45.222496,45.691017,45.326885,46.83333,44.862984,47.64438,48.436676,41.795208,47.049725,46.411648,49.01625,51.285183,53.261868,52.587875,54.006557,55.491657,56.481194,53.737576,53.252335,53.83489,53.097404,52.85955,53.15443,51.629818,49.096878,47.286324,47.241302,44.088097,44.922237,45.000507,45.529377,49.74285,48.85424,47.907654,47.60268,50.49201,48.59176,48.62455,47.539104,50.658463,46.635086,45.244846,42.471664,44.856438,43.60939,44.5665,43.14799,41.563217,42.41895,40.577343,41.361015,40.654434,40.454662,38.659203,40.00994,42.487385,43.140953,44.2246,43.59141,44.0474,43.84033,44.101086,46.763866,48.69363,51.976986,51.94846,51.206676,52.75053,52.262955,52.98074,52.69418,51.996124,50.1591,49.91079,49.67635,52.91772,57.721962,54.87216,56.29828,52.8959,61.71348,67.674774,65.89159,62.096264,61.56494,59.74691,57.307495,58.2261,57.818054,57.34495,59.06979,58.82409,57.392128,56.4742,57.932816,56.515694,59.22334,59.489635,64.01678,65.71394,65.19799,63.588474,63.014744,65.23291,64.93558,68.18555,71.045296,74.16438,73.99727,73.18112,66.83327,67.45957,63.754093,62.65248,64.3695,65.82231,63.43488,62.443542,59.198757,59.609474,55.762215,53.76722,53.806065,51.096943,50.767475,53.75724,50.26282,52.07085,52.1955,49.13628,43.129803,40.56737,37.30815,20.018803,NaN,NaN,NaN,NaN,NaN,NaN,NaN,NaN,NaN,NaN,NaN,177.28339,155.90118,150.68564,142.29262,129.38033,151.75029,255.08844,218.19893,202.10426,170.364,165.39043,160.21925,154.29184,151.73294,147.62077,144.86797,141.2445,145.27437,144.97224,179.0178,186.64609,182.07632,179.27437,139.68263,128.7061,56.28948,56.30235,64.30956,68.4635,81.06015,80.82154,82.738106,82.09418,81.76353,79.64737,81.37215,82.24922,81.47917,82.347084,83.50757,87.261314,92.0479,99.8827,98.91486,97.08451,95.24825,97.10488,98.09176,101.08735,104.927505,104.40516,100.01123,94.97785,90.8907,85.22123,81.39815,77.23817,75.43569,73.801414,71.527565,71.22446,68.71011,65.19083,67.86708,67.60381,68.39982,71.47951,64.475945,64.98991,62.678135,57.322117,54.983402,51.717148,51.219692,55.997524,74.491615,82.26466,91.60713,93.50109,97.70587,97.13613,96.74659,98.21162,90.150185,93.77167,96.19938,92.402504,84.03969,83.5045,79.077126,77.687515,79.94286,78.91159,78.26873,75.99916,71.45051,70.62161,64.958466,61.483177,59.842396,54.977528,54.123367,53.379574,54.48485,56.546745,55.061966,62.41164,59.606762,57.8143,55.0958,54.65044,52.638733,52.422565,49.22194,49.906395,47.692017,48.137596,45.63895,44.460873,43.614338,46.030125,41.28084,46.305294,50.629482,50.642475,53.839874,57.496456,59.396133,65.99068,63.95206,62.641922,61.157948,61.78107,62.982277,61.634315,62.95722,62.74915,62.22136,60.555473,58.5045,57.88488,54.228573,55.64285,57.090866,60.18846,55.913868,57.857826,57.45569,58.698334,62.168697,60.161755,60.990074,62.37441,61.952152,61.16474,59.625256,55.863693,52.181843,52.004143,49.45475,48.230072,46.18926,43.901165,42.60817,41.001347,41.34973,42.005466,44.37677,42.90467,48.13763,47.485058,48.829384,46.21436,52.389297,75.95923,113.70698,139.34808,124.63205,144.11089,163.42613,NaN,NaN,NaN,NaN,NaN,NaN
Lforearm,54.958622,32.638775,31.998333,29.103878,30.007988,33.001236,32.508408,34.61575,32.191483,35.748276,34.666634,35.07975,33.224735,32.51387,33.57273,33.118668,35.659565,34.67278,40.48809,41.576157,39.37455,43.60209,37.143253,39.202114,39.194347,41.317337,39.137283,41.058155,36.407593,37.199898,36.560608,39.16224,36.91655,38.060223,43.02016,41.826023,38.630283,40.263313,39.40736,39.277992,44.03775,45.410614,41.456894,42.302868,42.700214,42.53516,41.377544,38.68276,35.833866,37.765476,35.116833,34.953712,35.7564,36.476036,35.490585,35.343456,32.311203,32.30131,35.493332,36.802162,36.8004,37.36699,37.688187,40.43883,41.085186,40.119576,40.60473,43.210964,42.527874,39.57012,40.400803,39.485146,37.61301,39.37517,38.023045,37.32607,42.3198,39.295864,37.46595,41.789635,34.57488,37.00494,39.820354,34.815712,30.88911,29.967607,31.013885,30.545946,28.952793,28.874104,28.263401,30.096905,29.329845,30.961533,33.40517,30.520039,28.524902,26.690575,27.917616,29.859413,31.858917,36.232174,30.337286,26.74554,30.066286,34.988422,32.80323,36.47474,37.770187,35.21986,33.616642,35.574524,32.66758,30.729538,36.432606,31.684753,33.217754,34.392723,25.59181,24.102968,23.305372,23.379745,23.549023,26.451332,26.548811,28.554552,27.272795,28.34978,32.552666,33.575527,30.70509,26.965908,26.4659,22.830353,28.466406,30.766556,31.163769,35.346977,34.277462,37.251953,35.827194,35.197174,43.98402,NaN,NaN,NaN,NaN,NaN,NaN,NaN,NaN,139.02657,NaN,164.3032,NaN,NaN,NaN,NaN,NaN,NaN,NaN,NaN,NaN,NaN,NaN,NaN,NaN,NaN,NaN,NaN,NaN,75.39799,301.9798,195.06274,139.02637,116.23553,100.62359,42.998222,45.576492,44.94159,45.195976,47.580696,45.94059,45.685173,43.83861,42.43608,37.918842,31.388939,30.526476,28.302406,29.304102,32.317917,32.443264,31.113983,31.583673,30.865583,33.16033,38.24728,42.073463,45.474415,44.552227,43.088013,40.626938,39.16485,40.685997,40.86465,41.42771,40.79034,40.892822,40.67584,41.28497,41.06224,38.2136,35.244194,34.648144,34.166695,34.29762,36.83002,40.099976,40.959763,47.972225,52.346733,44.059475,51.427567,52.01483,61.413994,54.894497,60.070457,56.884106,60.773273,65.079895,55.532227,55.666912,58.26425,52.93147,49.67332,51.039444,48.089622,47.467022,46.34559,46.270054,46.195477,45.229156,50.96404,51.145565,51.77771,48.217102,50.76051,51.01481,45.298862,43.942455,40.7041,35.763535,32.20874,36.55246,41.14782,37.60605,33.90295,32.69832,33.8494,33.85601,33.073643,37.441563,38.26099,37.690643,32.944855,32.441944,27.333233,28.896687,30.219746,31.188911,30.062494,34.716393,32.176434,33.610126,34.830105,33.921955,34.083054,33.51525,35.6407,37.27358,39.117046,36.183838,35.522427,34.414116,36.131916,37.62166,39.881058,44.5542,47.755608,53.355804,56.341408,58.13292,52.86814,50.009476,47.61299,42.166492,40.670635,41.62617,39.769592,38.837498,33.508514,35.64104,35.767704,33.284317,35.771214,33.93943,34.874683,34.080193,31.153397,31.659033,31.87442,30.372623,30.889393,35.669537,44.032837,43.15054,43.83791,42.09205,36.59742,35.435104,40.557945,50.300823,80.368225,131.87555,149.72849,179.95729,209.10785,NaN,NaN,NaN,NaN,NaN,NaN
Rshoulder,77.457146,74.708435,69.78264,67.44046,70.445755,65.09638,61.41606,57.054783,61.079346,59.86155,60.018745,57.691837,57.042873,56.025078,55.768944,57.934765,59.031593,59.16029,56.999245,56.40488,55.932438,55.316,55.163734,55.438164,56.917664,57.42055,58.557766,59.69754,60.84595,62.72242,63.10017,62.7386,66.08113,64.66514,65.61327,67.805244,70.73395,72.11555,72.120445,68.025,66.40026,66.10114,63.538757,69.06418,67.406784,67.48431,67.83415,66.19257,65.19444,65.03659,66.475334,67.278076,67.507095,69.80231,69.76752,69.647606,70.21469,68.62545,67.7779,66.92586,66.37283,67.129326,67.49829,67.83687,67.77948,68.17436,69.16082,67.01967,65.59156,64.43253,63.230293,62.414597,61.359653,59.98206,60.427086,60.276035,58.461624,56.546043,56.25774,56.164516,56.74398,57.71571,55.54348,65.17457,70.091286,65.79111,64.70968,63.215572,62.873463,62.210392,60.701187,61.2374,60.703854,58.997456,59.678356,60.856884,60.46275,60.933754,60.901764,58.25859,55.560745,55.49109,55.155888,56.192986,57.585278,57.574337,57.239216,58.985146,63.190212,63.71605,64.987915,66.305984,66.317825,67.29915,68.59626,70.773705,72.54859,68.51863,72.214935,69.45136,67.76593,69.59032,70.702965,69.92797,66.70279,67.23975,63.83231,66.34862,65.975685,63.926636,66.13214,64.848366,63.54643,63.4506,66.174904,67.91114,76.74881,79.119835,79.80988,74.709595,68.10952,58.502533,84.68697,105.9218,107.97049,104.87266,106.61459,103.079,99.918655,99.20576,97.54259,97.94811,92.96772,100.45679,109.17248,112.161385,115.44259,113.42332,115.17831,114.07945,117.63086,119.323975,119.63972,119.044426,115.600876,116.75741,114.8195,117.0303,116.45105,114.81647,110.43695,108.93592,107.22017,104.17935,104.9322,102.988014,101.45904,102.020386,101.21607,99.05093,98.02458,97.91161,99.218925,99.86093,99.32539,99.3348,97.99181,96.57492,94.49922,91.68608,90.50601,90.60423,93.66629,97.43238,102.21512,105.511665,109.754875,111.35947,111.873215,109.975464,107.683784,106.12496,105.69437,102.05756,98.586235,98.30717,98.828964,97.01078,95.35999,100.59633,98.97722,96.6506,98.461174,105.76382,108.268364,NaN,615.6015,566.0431,56.59632,50.406784,57.07458,57.332325,49.13932,49.00587,55.92768,53.732903,53.448795,51.954548,52.22163,54.438927,54.70871,54.004,50.125427,48.434265,49.2333,49.835606,52.796402,52.765656,53.076164,52.076805,51.03686,51.41193,51.38264,50.013195,48.652657,49.93816,51.334534,52.376404,53.551685,53.142757,55.309177,59.118454,61.80829,61.256104,59.43968,61.27142,62.37375,62.43344,62.961853,62.13392,60.976322,60.994766,60.574635,59.92115,60.9401,60.24564,58.903496,60.009903,60.10916,59.543846,58.42935,58.02372,57.618797,58.04007,57.25269,56.682552,57.340633,57.606735,57.721096,56.559612,52.973896,51.973087,52.225548,52.474754,53.07019,53.78332,53.643482,55.417652,54.782143,55.309162,55.822803,56.538227,55.976456,55.206985,56.540672,57.984325,58.954296,58.990437,58.75982,58.051758,57.009922,56.349773,56.4073,54.9235,54.18532,53.930798,52.8559,52.00518,49.56387,51.06225,50.17478,50.98966,52.34014,53.680515,55.198345,58.947964,59.73002,63.418636,68.992805,74.04806,75.31687,91.851906,110.14124,127.84596,141.54095,129.22392,150.0897,182.82442,NaN,NaN,NaN,NaN,NaN,NaN
Rarm,53.084152,53.898567,51.73776,51.538834,52.31626,51.94292,53.647366,57.949,58.42697,59.728947,59.009315,65.55659,73.29796,69.84653,63.97661,64.239044,64.786255,60.866035,57.96751,54.395363,52.17434,51.913227,51.947292,55.296955,53.59309,53.524956,53.071518,53.449444,54.316578,55.77492,57.44094,60.524334,61.729454,61.374332,61.072895,60.658382,58.62651,54.202843,49.44799,42.587795,44.35531,46.11301,38.95254,38.17634,41.934746,38.40229,37.254257,37.961452,37.504795,41.1769,35.003246,36.60098,36.685696,36.393097,35.903786,36.64864,35.442814,34.936375,35.27771,36.53075,37.957455,37.93874,38.107025,38.255596,39.7483,40.739445,41.95063,41.632893,43.417133,42.490852,42.951637,43.999546,44.40147,44.58432,44.985,45.30129,47.751766,49.02323,49.969086,50.36262,51.155018,51.24672,52.253296,56.941246,61.487812,59.16956,61.679623,60.873955,61.90707,63.502964,64.29074,63.697735,63.82544,64.051,63.205723,60.11986,57.76715,54.288612,53.09362,50.508575,50.821205,49.802544,47.15092,44.792953,45.366547,45.288273,46.807243,47.175087,45.60266,45.92107,48.3547,49.586525,53.50376,56.348286,60.042492,62.24973,62.784008,63.016,64.657875,68.18984,68.41619,69.724525,73.12635,76.97418,76.581215,76.37965,77.569275,78.52942,79.85846,81.91906,82.36501,81.92185,80.40254,79.124115,76.04719,72.471985,60.697685,53.57688,49.462917,55.54608,64.28035,72.08898,63.178776,63.241104,59.285435,55.150326,55.863674,58.649952,60.78871,63.364902,60.96597,58.76756,54.011547,56.3607,63.51534,72.322044,76.18482,79.12601,80.76063,81.358345,80.54655,82.58218,82.44451,81.936264,82.17491,82.155426,82.26531,83.79781,84.21869,80.625175,77.67633,74.05969,70.67866,65.95082,68.32039,67.71318,66.03743,67.40296,69.09676,68.89328,70.50284,70.275185,70.5815,71.77919,71.89363,65.78331,64.61384,66.21964,62.728733,60.78011,63.154705,66.50861,67.261314,66.81009,68.86041,70.90919,71.41442,71.905556,67.83762,64.098885,61.27283,57.986553,56.375267,51.586594,43.615154,72.753975,54.122253,108.82397,106.937965,98.19505,99.03306,95.99292,86.988884,100.015396,111.75593,110.58018,130.89772,305.82895,506.75775,278.91968,158.17711,105.578156,81.48274,55.804024,59.67764,59.971222,63.56367,61.43445,58.510147,58.595993,57.249985,54.843746,60.701794,59.95216,60.4962,59.707737,62.280758,64.859085,65.876915,64.446754,64.4132,64.464806,61.751274,65.14308,66.17219,66.14557,65.542404,63.354336,66.39009,62.303577,56.033752,51.998146,52.617126,54.0136,56.075085,57.20788,58.72344,56.684555,57.909924,56.987026,56.962715,55.201797,54.12685,52.70111,51.76243,50.88195,50.870205,49.630108,50.487293,48.789448,48.316696,49.07079,49.71141,48.731384,50.87294,53.388687,57.834274,58.140423,58.314304,58.926754,62.606644,66.853615,68.84286,73.23875,71.80488,71.65131,68.10803,69.13374,71.18533,67.4282,66.26229,63.62755,61.8829,60.707954,60.80471,59.435677,58.91935,59.54171,61.773838,59.822083,56.932407,54.11645,53.687817,53.3958,53.441242,53.783546,51.965996,52.893333,52.272114,54.41526,53.751537,54.987995,53.96363,53.676994,55.15981,55.416016,53.649845,58.850784,64.177864,64.963615,62.216072,73.325455,94.57734,105.78286,105.75291,82.105225,106.60768,163.21506,NaN,NaN,NaN,NaN,NaN,NaN
Rforearm,64.9986,49.693333,49.60219,47.618935,46.400436,48.481358,41.635094,42.583122,40.089066,40.32941,38.848614,35.50072,37.942375,36.088047,36.89603,36.78768,36.409576,33.547184,37.30342,36.32534,34.357185,34.26935,36.081596,34.979115,34.88554,34.931942,36.63453,34.575066,35.058884,36.92192,38.864796,38.914913,54.510742,40.490475,39.876328,39.803173,39.529243,39.88358,40.41112,37.324123,41.33544,45.23389,37.760284,36.595264,38.981514,34.895863,33.345932,32.61052,33.596264,36.195515,32.682255,33.205666,33.61467,33.236404,34.886032,34.762383,34.065174,37.091915,36.946705,42.02973,36.89484,35.60041,35.822514,34.8613,35.661156,38.788986,43.343426,41.353474,40.28061,38.814144,36.755333,38.14159,39.733543,37.96038,37.617146,37.0639,38.73844,37.615566,38.513905,36.701206,36.58733,34.143475,34.258926,33.351738,63.199936,36.005558,36.1797,34.71963,32.01499,31.225475,33.868435,33.693058,32.45525,28.770597,27.985746,27.873905,26.46634,26.526667,26.508684,27.401579,29.284575,29.992012,30.31679,32.00584,28.912752,29.701984,28.724226,26.626616,26.385624,26.568253,27.929392,27.513653,27.332573,29.289516,33.331173,33.501163,35.714382,34.349213,34.34233,34.481182,34.61161,38.115177,43.912216,45.930515,44.607956,45.64193,41.471317,36.76339,31.917667,29.846653,28.475643,27.032286,26.042747,26.634302,26.253048,25.532518,25.31816,24.133144,25.055607,25.818344,25.847996,27.312532,32.761456,31.111889,31.689667,32.944363,29.935743,30.373314,27.713156,23.920841,25.523449,28.045916,27.982563,31.055847,30.498388,34.09948,35.002655,37.445248,36.993565,38.21663,35.40184,37.128086,38.48375,37.128277,38.061264,37.98293,39.54691,38.908672,42.220745,38.882137,36.731808,34.26698,33.14529,32.35243,31.353981,34.25798,36.559765,37.513645,37.09823,36.78947,35.505478,38.417187,34.88755,32.875412,31.328867,33.71498,30.737553,31.387783,34.196266,45.195194,50.69566,50.368145,53.172047,56.229786,54.062435,46.1611,42.964817,40.86633,39.710415,41.07766,50.209248,51.321144,48.862625,52.296215,40.425686,84.87199,66.60187,97.72123,NaN,NaN,NaN,NaN,NaN,NaN,NaN,NaN,NaN,NaN,584.6878,392.8216,271.4617,180.84468,118.95514,66.41413,51.242092,55.288273,51.03601,45.694286,44.397194,44.101288,42.094883,39.09127,41.697735,43.4047,48.68153,44.397346,42.442867,40.14541,40.15226,42.96615,44.229267,36.599552,32.881912,31.576466,30.339502,31.85195,34.08578,32.852383,37.39555,40.017982,41.74661,34.563114,33.450214,34.585148,37.04076,38.545322,37.201847,41.043743,40.71228,41.669907,41.653736,39.87488,37.499645,32.620937,33.88601,33.437443,34.16999,34.025085,31.933464,34.456287,36.406887,39.60309,44.478645,46.281734,47.83047,38.079357,34.163055,29.81074,27.6714,27.424671,27.106052,26.328478,27.3208,30.803635,36.014645,40.487965,36.022713,41.441006,43.817482,43.516815,39.548378,37.672703,37.437576,35.947456,35.442097,33.581882,33.107143,34.380928,34.037617,31.562103,30.557547,31.475563,31.620796,29.830294,28.409618,27.848091,29.433811,28.794937,29.682795,30.210365,31.952463,33.275505,32.41489,31.875824,31.219492,35.57164,38.037903,44.670937,55.271255,55.40102,52.65789,58.394604,84.092606,93.1514,88.5911,74.58429,103.41597,196.04878,NaN,NaN,NaN,NaN,NaN,NaN
torso,114.317154,108.686005,106.52578,103.03794,104.27276,96.60369,89.3005,82.917725,79.237625,75.17548,75.2081,70.45822,68.249146,69.61137,71.66892,70.17022,69.11655,71.65838,75.151596,79.300735,81.36699,79.529816,79.27585,79.034645,79.93841,82.95464,86.72827,87.27468,89.93753,89.63463,88.1863,88.39252,91.44891,91.14016,92.91988,95.80124,99.41054,101.83634,105.91332,105.70322,101.67525,97.51255,96.8572,98.54634,93.54307,92.78701,93.510155,92.88611,93.37764,94.80977,94.33688,94.92959,95.523994,96.306015,97.30107,97.49958,96.91317,96.027466,93.377235,91.90897,90.00406,88.52013,89.5324,88.08111,87.35531,89.193474,89.798935,90.17244,87.32875,87.474625,88.94166,87.3418,88.881256,87.39616,87.66645,86.12402,85.20383,84.087715,83.292755,86.42163,87.56274,89.57185,88.35667,89.462326,92.1067,92.989525,95.53748,95.33419,96.44505,96.30376,95.64883,96.16611,95.76453,96.406235,96.250244,97.11519,98.368614,98.19077,98.83034,98.88348,97.413956,96.76998,94.97035,93.353714,95.71918,96.81467,98.515205,98.77723,100.89882,100.976814,101.016945,102.912834,104.17895,106.181046,106.66885,109.45275,109.37331,109.21035,109.25306,108.70828,108.097466,106.0872,106.10034,102.31435,99.914085,100.59218,99.247925,99.222374,97.36219,96.094955,96.77781,98.29538,100.17694,102.189926,105.94106,105.82039,108.08929,109.12266,109.28972,107.928024,111.9304,112.82533,114.13007,117.56239,115.14626,116.23642,119.22633,116.701355,115.65013,112.43905,108.72858,107.45932,106.09092,116.55836,126.50139,131.21613,132.99527,133.72345,133.7287,133.08638,132.22452,132.33626,133.67424,133.47781,131.1819,132.66685,130.89769,129.28691,128.91806,128.58308,126.21478,124.303734,123.092705,124.851776,126.61553,126.17188,124.03107,122.836655,121.24864,121.13294,121.80438,124.08694,124.24732,123.35221,121.07275,122.48724,121.08829,118.67048,116.00801,109.404686,110.65286,112.11622,111.8828,113.87265,116.47843,117.982704,121.34598,126.74417,128.97668,129.25636,128.88795,127.729996,126.260025,126.10429,127.18984,125.89804,123.83817,122.52716,120.27347,118.57753,121.20426,123.06113,126.56934,129.12128,130.4741,128.07306,124.53272,113.95039,103.69195,92.319916,81.382324,69.228775,63.918243,63.951492,67.94768,69.86883,74.39999,80.19958,84.52086,83.82768,85.25728,88.904274,87.56623,89.47794,91.93761,93.25741,94.38438,94.347946,94.20324,94.2651,93.027565,93.37046,95.03649,94.97292,95.54138,96.619865,96.77611,95.281,96.52967,98.674255,100.49129,101.55248,101.21833,99.513214,96.620834,95.0076,94.10297,97.86045,101.236435,104.89775,105.217804,106.42308,105.41149,103.12116,102.793526,101.1077,99.772896,98.69961,96.709496,95.30221,93.86289,93.80552,94.474525,94.899345,93.0863,93.356804,92.27162,91.68611,92.49312,92.51442,91.81969,89.86743,90.72621,90.513535,90.14652,91.529076,93.66792,93.66134,92.531525,91.81077,91.09796,90.88373,92.28382,93.34627,94.16927,94.95385,96.20018,96.35988,95.645744,95.064476,93.00591,92.22499,91.60507,89.870674,89.74456,89.47309,88.128334,87.118515,84.26711,83.16352,81.197174,81.55334,83.11254,84.7168,90.08393,94.98131,97.92384,100.85119,101.190865,104.61402,112.579414,132.60841,157.43031,186.93326,204.38431,196.37361,200.64345,209.35916,NaN,NaN,NaN,NaN,NaN,NaN
Lhip,105.54941,99.327644,96.725845,97.06265,91.79657,89.563255,84.15916,82.755295,70.698616,63.298725,67.01238,65.44962,71.23428,80.02805,83.505936,81.50901,81.93574,85.46301,85.17319,90.45038,93.24041,92.94537,92.60719,94.79644,94.995476,97.39659,98.09594,95.5265,95.915924,89.25796,83.030655,80.04086,78.92934,83.54611,84.75802,89.917885,92.533295,98.832344,108.949875,117.05738,114.91142,104.28756,104.93938,105.61716,105.40308,104.93455,101.36974,102.0825,101.90916,102.22111,100.41127,101.45329,100.97454,100.13992,100.842606,101.403015,100.77072,99.49616,98.821304,97.905464,96.98972,96.012146,94.16224,93.11464,93.446785,96.92625,99.04846,98.18509,95.278046,92.914764,92.59117,93.0069,91.52403,91.017845,91.35619,90.57334,89.64635,87.25262,85.69582,85.78972,87.49583,89.100334,88.43519,89.15608,87.65281,89.7763,91.14663,91.30491,91.49265,92.19239,93.26804,94.59732,94.1874,94.93917,96.21564,97.14029,99.939995,100.582146,102.275406,105.01847,105.33346,106.22944,103.85042,103.252945,101.05132,101.8977,102.14251,99.119484,96.063644,94.77592,92.43245,93.08575,93.73826,98.56249,97.140045,95.28128,95.712685,96.41546,95.65187,96.34532,99.65689,102.336334,100.07074,102.20764,101.55866,101.38412,99.610825,98.55291,96.92688,92.06468,92.1924,97.08355,103.32299,102.22562,108.40909,107.05975,108.18302,109.25686,109.554955,113.12556,133.07576,140.74326,130.50613,121.163734,119.970184,137.55089,140.56363,144.78296,138.7166,133.83278,135.30106,131.80046,128.929,113.09167,112.211266,102.88927,100.34416,96.08013,94.03019,94.82493,97.348274,95.9953,97.92856,96.638695,93.84683,100.78872,97.44362,96.297356,97.667244,98.766464,101.96752,96.758835,101.378815,107.81232,107.019066,108.53721,111.61234,113.56929,113.616394,114.6889,115.17576,118.1877,117.16032,114.68446,109.02996,107.72573,103.55975,98.1242,89.87433,79.10792,78.865425,77.71334,75.94695,81.010475,79.420685,78.3811,79.65538,85.81352,88.443016,90.40125,92.22643,92.01064,90.77597,92.84058,94.89245,99.80648,103.87703,109.97531,110.54184,110.895996,112.71742,113.74677,109.58611,108.708786,107.21421,99.84571,95.21181,85.60625,82.14995,76.50033,70.63079,59.538807,59.98115,54.249477,58.308716,61.341858,68.82803,74.01551,80.77537,85.02738,94.69487,101.7874,111.095085,118.037415,123.279396,121.326004,118.68074,116.86163,114.38611,113.895355,107.90351,107.17352,105.3682,105.51679,105.84793,104.60723,102.04367,99.66179,98.82786,94.83964,93.020325,87.3748,84.60966,84.38115,76.7368,68.94743,70.23062,76.59113,79.9177,86.566505,90.89275,94.18581,91.974846,91.21251,88.12053,88.60301,87.17833,82.5925,79.630585,84.74864,86.98104,92.02656,93.95845,96.11091,98.44932,100.03757,104.67149,104.262566,103.50768,104.207825,108.65152,105.971085,104.75182,102.071304,98.18638,96.2337,95.36274,93.30272,92.62503,89.25431,87.0179,87.693405,88.42085,90.60729,93.79219,95.03273,96.013054,100.3,101.10391,98.28709,96.17272,94.25787,93.79407,93.84612,96.603935,94.3585,95.225876,93.07343,89.73403,87.4212,89.015976,88.032005,89.14245,89.39664,93.773445,99.595856,101.383835,96.841934,92.34079,99.50964,110.744484,132.54086,165.2586,204.01207,230.44273,211.54408,211.14456,226.3724,NaN,NaN,NaN,NaN,NaN,NaN
Lthigh,87.59853,81.145,79.022995,77.85326,77.94596,75.114624,74.20403,74.40103,68.44138,61.255493,62.851505,57.08537,58.41101,66.49195,65.46311,62.527367,63.089443,66.43243,68.28806,70.225044,73.255516,73.16227,71.46767,70.20859,69.414536,70.544785,71.094475,70.34018,72.679214,72.009834,71.74511,71.89725,74.74087,75.857704,76.67861,77.749794,80.18398,79.01908,81.18833,81.633064,78.48099,74.65103,73.88721,74.74649,76.96789,75.263794,74.91371,75.6494,75.90063,75.662605,75.609795,75.722946,75.1161,75.45724,75.58671,76.21466,77.07381,77.06819,76.90529,76.170815,74.362785,74.5993,72.82614,71.92199,71.40775,75.18109,77.48237,75.43783,72.3026,71.36175,71.279945,71.097786,71.11207,70.71939,70.08651,71.010216,70.44214,68.56767,68.6072,69.13975,69.243095,70.64847,71.51652,71.94779,71.64714,71.49411,70.205055,68.61945,70.954094,71.50847,73.03605,74.71718,71.44889,74.18355,73.004326,71.58463,68.38308,65.25658,63.480415,63.59174,63.191475,64.27688,65.254524,65.64387,62.893974,63.259468,65.26239,63.76199,64.23713,64.16942,64.54264,66.47234,65.82749,67.08582,65.14248,66.93861,65.67573,67.72607,67.92457,68.17087,69.90801,69.63453,71.36909,71.968544,72.383675,71.729454,70.666336,75.03396,72.56593,68.60669,67.89715,64.03503,64.77022,64.87952,68.21432,93.79056,68.31181,73.84955,73.23235,115.731705,136.94604,156.90742,137.20927,119.859184,90.80703,66.5752,69.385704,80.114136,80.42601,73.38038,81.95858,76.26234,69.12999,50.520943,49.168915,51.67547,51.732796,56.740356,64.40518,68.29892,68.006744,70.221436,73.05652,73.12638,72.184746,76.76218,76.08933,71.22002,72.29794,68.63257,65.90947,68.55368,66.71146,67.65221,63.321278,64.63995,67.69381,68.067665,68.31881,68.706375,67.97554,69.30728,67.88708,67.231346,64.25481,62.416164,62.289417,63.34159,61.119392,62.29474,61.66949,62.151237,61.919434,63.79517,60.247993,62.411774,60.65267,64.029335,64.64593,66.00208,68.847626,66.2215,65.74693,65.40322,66.52149,73.11005,78.676094,84.39457,81.29481,79.490906,79.66387,80.85229,76.44308,77.50589,76.68313,70.42522,70.49575,68.909035,69.2709,66.249344,63.085464,58.603634,59.982086,50.894802,48.502567,47.857525,56.066025,59.053707,65.61547,65.5649,71.33471,75.85287,80.699135,83.540344,85.59147,80.50106,77.03184,73.609856,71.62264,70.73611,67.57957,69.186295,69.70932,69.162506,71.16075,72.92064,75.09363,77.16453,81.38482,78.390884,74.177315,78.503845,74.39065,70.88031,74.16752,72.42141,75.004684,70.79418,67.349434,65.33091,66.88223,67.712555,67.85219,66.718925,64.44795,65.93567,66.093,63.640488,61.805466,63.230595,59.73907,60.702213,60.302876,58.40592,58.505974,59.37792,61.300488,63.827477,61.77012,60.4554,61.907074,60.507614,60.82118,59.559208,59.12869,59.838097,61.710186,62.475674,64.9446,63.84084,63.33096,64.88548,63.468895,64.26927,66.012146,67.49701,70.99962,74.53959,79.01125,76.08876,74.54149,72.784454,70.08675,69.50976,71.1342,67.438995,69.67853,69.546585,68.11259,69.68335,72.13755,71.9069,72.49765,71.314,75.678894,78.31727,76.77043,82.5916,89.80035,102.83336,96.57951,99.027466,114.65467,143.52354,183.33237,160.17096,110.228,146.96593,NaN,NaN,NaN,NaN,NaN,NaN
Lleg,48.85791,76.3406,76.10882,73.14283,80.47742,68.81733,64.95342,68.97234,74.164024,66.22869,69.654,47.15359,63.297794,71.58394,55.243412,50.68956,52.63296,52.538033,53.719124,61.127792,67.14912,68.34122,65.99666,64.07296,63.839317,65.37287,67.49528,67.13224,67.70003,69.766365,70.18329,69.19142,72.56504,76.46146,81.74482,94.01753,99.32258,77.173065,70.87698,64.223526,65.40436,73.68985,77.19557,70.69541,70.82195,69.57664,72.885544,73.82482,75.47877,74.18212,75.01437,74.24532,74.9119,75.13885,82.64884,83.3431,72.91835,71.23501,69.49181,69.98731,75.78006,75.29897,73.14745,71.99984,70.713356,78.05834,77.89083,77.860146,76.33366,75.35444,76.854004,75.80972,77.13138,78.28325,76.67132,74.31359,73.1958,74.89529,75.06078,75.2835,76.04565,77.19048,77.87318,60.542828,50.577858,49.134117,50.269287,46.977524,49.028496,49.774864,49.40607,48.869087,46.177036,50.92586,50.090916,50.882042,53.884872,52.73291,49.82568,50.116516,51.203785,50.037323,54.077595,50.809944,51.006207,50.066635,55.65776,52.03051,51.055836,51.491215,50.536434,50.091515,48.329918,46.320595,44.41834,45.188564,43.434757,44.108948,43.733105,43.72873,44.214703,43.846714,44.22586,45.665592,46.463367,48.29351,50.260086,55.21675,53.577393,52.907215,54.805336,51.894817,51.79782,59.498646,54.0722,171.83583,90.36957,77.77606,72.10501,207.7787,38.91988,47.721363,71.41757,73.930725,63.536182,52.24081,54.752396,51.75075,53.049767,48.10295,53.493366,53.00256,49.818577,50.302013,52.33082,54.172157,55.119877,56.691708,58.791428,59.73112,58.37653,59.24244,57.79817,57.23819,56.3039,55.331493,51.101894,49.77619,47.701954,45.01918,48.008053,62.4906,74.311516,77.8084,62.594322,58.396664,56.849716,54.79562,55.265015,54.973286,46.9008,48.403072,48.499363,44.35185,40.15901,50.333187,43.807198,43.972385,43.651436,48.66483,52.13064,51.451725,53.998135,63.16889,53.184727,56.50442,53.400032,58.229584,53.31635,54.381397,55.94183,53.595596,55.28715,54.497612,56.53388,59.124725,56.831074,58.49685,49.562233,48.011257,49.259743,51.266632,49.569633,50.66833,53.537125,50.30247,55.668392,57.153355,61.62457,60.564648,62.253323,61.399086,63.33563,54.249252,55.793125,58.943512,60.347992,55.838028,58.633186,61.24856,62.74624,57.15522,54.91167,54.418404,51.904945,50.75759,48.337166,51.829617,57.138412,51.396,54.0142,54.59327,55.327793,56.312428,55.59307,56.3382,55.633835,55.852104,55.874348,51.686394,48.35925,50.316406,49.34115,49.81503,50.892628,52.23759,51.956585,50.80547,47.447514,48.15525,48.211548,46.615944,47.71156,48.695354,47.580578,49.279446,49.788227,48.028397,48.781982,52.836796,50.683487,53.80941,54.932644,53.11228,52.717583,54.58004,56.136723,60.573334,55.860397,53.982483,54.87202,53.304047,53.883953,54.80186,53.00082,54.29115,54.550816,54.290318,51.348457,47.235043,47.285458,45.851864,44.044544,44.853718,45.940845,45.250973,45.18581,47.06829,48.13928,45.736103,47.848007,50.445675,49.014202,48.50892,49.45903,47.61956,49.533596,49.746555,49.106495,50.572266,50.63442,49.060017,49.568146,48.536312,49.911366,45.777893,46.783173,52.901737,57.83723,62.360657,82.70687,112.585014,122.520676,123.7994,113.63307,92.74838,30.588896,NaN,NaN,NaN,NaN,NaN,NaN,NaN
Rhip,110.68198,109.53525,108.357056,110.9086,110.41549,105.551735,101.299416,99.72008,94.526825,90.55561,90.70081,81.6603,83.02322,83.39026,83.512985,84.65467,79.698105,77.88183,80.74748,84.50068,86.16692,83.43936,84.18139,84.700645,83.32802,89.40921,91.98631,91.47896,92.43576,96.0044,98.488304,103.93949,109.049904,100.65178,98.90447,102.01043,102.75273,101.48301,97.50567,95.502975,92.12863,87.57454,86.977165,89.11065,87.10245,86.96564,88.30347,89.12439,88.670044,89.22549,90.36634,92.03004,93.34648,94.0387,94.950066,94.82948,94.66936,93.721054,92.702484,91.740234,92.39765,90.50329,90.73831,89.971245,89.70306,92.23174,93.10637,88.91081,87.45165,86.33569,85.21516,84.44054,84.98749,84.95594,86.79366,88.48137,88.618774,87.75105,88.73539,90.20822,91.081924,92.24207,92.98618,93.34261,97.15733,95.20724,95.33364,94.15071,95.45389,97.38914,99.3068,99.25239,97.058266,97.65198,96.19071,95.17757,93.03425,91.92572,88.17781,84.73721,82.475845,81.70381,82.35428,80.8322,80.12379,76.466034,78.99831,83.724075,86.687706,91.1603,95.46371,99.381744,102.8666,107.7566,114.07042,117.866135,119.51692,120.07833,122.48324,122.76106,121.95465,122.77435,123.8413,124.448685,121.17491,119.13036,116.54678,118.69395,119.516426,117.92894,117.11555,112.90683,110.328125,107.102905,102.72918,98.95486,94.19397,92.97777,91.25679,86.79837,87.29924,88.031204,88.81806,95.72559,98.25052,95.162285,99.11141,96.48337,98.27225,97.64929,94.671165,96.71976,97.234535,91.93894,96.507965,102.451324,106.34445,115.18337,114.70594,115.36007,110.84869,110.59508,113.44672,112.71262,115.01051,117.96781,121.843216,122.65241,121.42955,116.51534,115.23475,112.214645,107.940254,104.7042,98.11693,92.395935,88.46457,83.59276,79.90211,80.903435,80.30043,83.07362,86.14453,85.44426,82.682144,92.71612,97.38811,101.98042,104.52649,106.19316,105.55644,105.29643,106.77842,108.86191,110.29252,113.96112,115.68108,114.99499,109.99899,110.107704,108.86925,104.073395,102.6983,100.62085,97.035,93.745804,88.33022,88.55421,85.56236,92.01774,83.54287,86.23131,96.605934,98.93681,105.288895,106.48514,118.95007,131.86462,120.89972,113.823746,99.03967,93.96529,80.04339,79.29195,79.23745,72.6676,74.13428,72.868866,75.53448,74.106094,71.9167,71.58151,70.37009,67.60245,64.86875,70.57868,71.7752,71.74957,75.768135,75.3572,74.76597,72.49847,74.78938,70.84976,68.701416,69.50133,72.29923,76.22412,84.24397,93.193184,101.252266,110.68073,115.5128,118.15506,121.83149,119.3751,118.13621,119.42016,118.3817,116.40416,113.16757,110.31896,107.78089,105.2345,103.31046,100.07924,101.60799,100.12989,97.50979,95.75545,92.52894,89.917755,87.45862,82.65066,80.62833,80.790306,79.21809,82.21553,76.70775,72.50045,70.43795,71.72559,72.146126,73.22544,76.14405,82.439674,89.44933,95.590576,102.23944,105.15696,106.04755,107.12266,105.404144,105.5987,108.4665,107.49527,107.05861,108.23024,107.77565,104.177574,101.68543,99.783745,96.64171,94.22104,92.686584,90.79948,89.59214,90.97095,86.69533,87.15679,87.48447,87.93253,91.87168,93.72094,103.78444,111.82849,118.72099,125.83996,129.28123,118.962685,114.84697,120.536194,132.3137,160.37816,187.41347,189.19487,178.18881,186.31961,NaN,NaN,NaN,NaN,NaN,NaN
Rthigh,84.86008,69.90968,74.28166,73.62294,78.70826,74.98175,71.02921,69.14373,64.52954,63.717834,61.219685,57.827633,56.712982,56.81727,56.93702,57.367756,55.424725,55.713253,58.138157,62.539795,64.00216,63.795105,63.95523,64.08507,65.39559,68.59653,68.7718,68.495155,67.310905,66.73329,67.78687,70.125175,74.96872,70.01754,66.35078,66.62499,64.45764,65.66106,67.38807,69.37504,68.020355,65.09403,65.37123,66.16023,66.391464,67.18137,66.94674,65.68951,66.21538,66.725655,67.85833,69.57241,67.87819,68.91542,70.40481,68.443825,69.36992,69.5413,69.359146,69.65513,70.40378,69.5486,69.24173,68.46163,67.79239,69.93752,70.15573,65.97038,64.776825,66.89727,65.1315,64.47564,63.497093,63.428265,65.71485,68.6838,69.26063,67.4836,67.272354,66.99794,67.09212,67.097336,67.77015,68.7908,73.45808,67.58458,69.42302,67.837296,70.662834,72.573105,73.81629,72.66184,70.51245,75.06626,72.97214,71.43741,71.70262,70.84686,69.77991,70.848015,69.19738,73.032104,75.25501,74.787865,71.040535,70.114845,75.12021,76.0932,76.337814,79.96761,82.47958,84.185844,80.83312,83.41967,80.06248,82.604965,80.10648,78.00197,77.60067,74.752945,76.996025,76.18633,77.80051,77.284874,74.25898,72.43142,69.27846,74.286446,70.0271,67.96949,68.4945,65.9261,64.09666,63.859943,60.056774,58.558334,55.743923,56.32045,58.99357,58.5178,59.832333,59.844307,61.869667,65.38734,64.91905,65.115295,69.935524,67.466354,69.9953,68.59903,66.648224,68.64931,65.85909,56.07308,56.609283,55.63409,57.30186,60.113632,61.206093,59.022964,56.809788,57.949497,60.82475,60.51753,60.72469,64.407906,66.16682,67.81581,67.2637,65.851234,66.378334,65.64049,65.62224,63.850174,61.180298,60.241905,62.025375,60.130405,61.17482,60.153435,60.219494,61.8747,62.99502,61.12751,56.111958,60.891502,59.219784,61.12751,62.04024,64.87709,67.70328,67.48912,70.212616,72.29321,68.43166,64.64063,65.24173,67.688034,64.534836,64.118935,62.391933,59.732647,59.30105,58.507076,57.89805,61.33692,65.35653,67.7812,63.08511,58.74273,58.260994,60.09785,59.92321,60.807777,61.89162,60.292465,65.854256,177.08545,108.37182,106.001656,89.70081,98.5166,103.530495,43.161102,104.83432,45.87739,47.423042,52.587173,55.55711,54.96293,55.995247,56.42555,59.619106,59.203987,58.209785,55.67357,60.072712,66.53105,70.22956,70.62466,68.234886,67.56362,67.41979,63.995182,62.430992,61.440887,61.69868,65.82653,71.67794,72.76929,72.58595,74.67638,78.486855,77.820625,79.75363,78.09412,79.823685,74.96761,67.36468,64.38833,63.01881,62.037994,61.220737,60.820282,60.76438,61.294956,60.95895,58.79131,57.442486,58.084126,56.75725,56.17866,56.940437,55.90569,57.62611,57.357365,57.39762,57.327427,57.95793,60.867565,62.33104,59.97746,60.087032,60.015438,59.40838,61.9713,64.28814,66.51648,70.57404,67.52075,69.120964,70.91878,71.591995,70.65386,71.46765,69.40662,69.763306,71.836975,72.85262,69.016396,67.89654,67.98181,68.538506,68.557076,69.26706,66.23203,66.30918,66.48444,64.95176,64.671005,66.04149,66.05488,70.024704,68.92636,78.760925,82.47173,82.62357,89.50059,89.29723,82.8162,77.01021,76.56368,88.245766,115.40199,205.50641,244.46211,228.47624,199.48466,NaN,NaN,NaN,NaN,NaN,NaN
Rleg,136.94928,62.6545,61.44852,61.502537,77.182816,69.000916,61.90842,56.525394,54.40369,54.617725,53.39593,55.05768,55.410553,57.416508,56.34659,56.555367,56.353634,59.655224,57.162346,77.360435,76.52067,72.290924,72.75405,73.46094,71.03462,57.857967,59.140495,60.15988,58.617405,57.902554,61.826168,63.999237,83.24108,86.85274,82.15537,79.595505,74.767044,63.900475,61.19111,64.26312,68.56355,67.85823,69.06127,70.380646,57.06293,51.159653,51.721935,49.96544,50.71426,51.600185,53.53651,52.93257,50.532375,51.855026,51.8667,50.42583,48.323128,47.848213,48.754642,50.171856,49.9769,58.804485,71.834,70.76564,73.171295,69.93363,67.305595,57.13878,62.933174,71.42304,67.32947,67.930115,65.79591,64.79274,64.83982,66.71543,68.77008,79.40363,82.39173,77.43027,71.86763,68.331245,67.71205,54.710957,52.39097,45.488712,46.233955,45.75265,47.111004,46.938377,48.670036,47.86958,45.32824,50.144238,47.970222,47.45963,49.303486,47.513153,47.381718,48.724556,51.27673,52.65425,57.051743,52.644524,51.044758,49.91203,58.042126,61.705067,65.614334,74.78044,71.95088,71.11063,62.15633,59.2579,49.151817,50.62523,45.622517,45.74239,43.58542,42.72148,43.810474,43.61958,42.471775,41.120255,41.564236,41.96244,43.542328,47.36672,46.348175,45.795822,46.337753,45.370872,46.75014,48.26728,46.21151,47.83827,47.67595,51.27374,53.83155,50.630447,51.56412,52.38383,58.325718,60.267662,57.46265,56.294605,61.438972,57.84779,63.958385,61.116703,62.47836,67.71807,58.222385,46.630383,49.200325,51.218925,51.5276,48.4493,49.166447,46.50569,47.759186,49.336815,46.875793,45.72712,43.50077,47.235023,43.81022,47.10783,47.204567,47.191177,48.984043,49.687275,52.533688,52.225716,48.001137,51.75744,56.223297,54.78896,56.41589,57.402554,54.82456,57.31369,58.845703,58.590523,55.16129,61.349747,54.567757,51.61245,45.144337,46.56406,51.07327,51.73284,56.23115,64.62768,56.076096,53.648987,52.942245,59.684315,52.444412,52.335598,51.06803,50.78389,48.45225,49.263542,49.757256,49.392128,51.61396,53.831337,46.138786,45.67042,46.09287,48.451405,50.21437,59.558086,84.75338,62.69504,38.60864,213.27289,NaN,NaN,NaN,178.5962,197.97841,105.22671,224.1794,47.814716,54.540745,58.409225,55.922146,49.451637,51.649452,53.20184,53.663593,53.264896,49.300808,48.493645,49.400764,51.759823,56.598045,53.95883,53.06857,52.3088,53.971783,51.523396,52.72581,53.625854,58.5727,63.30247,65.17093,59.698032,53.927277,52.66203,56.43788,54.386642,51.751472,50.883377,55.667717,56.59966,51.225647,48.185844,46.660206,44.44207,43.33232,43.159462,43.077114,44.4673,46.49956,45.045116,44.60532,49.370975,46.769627,47.410713,45.77635,43.50653,45.799156,46.185913,46.91474,45.809525,41.17382,42.299946,43.163403,42.81537,42.692364,46.139362,44.86766,49.868656,49.80192,49.518692,50.01708,44.179634,44.80544,46.09983,46.95336,45.417236,44.76394,43.011913,42.012276,44.891636,44.967888,42.93518,42.97494,45.052803,44.532974,45.456425,45.34359,43.730595,46.045795,47.322563,45.588005,47.450596,48.942867,48.87029,49.141212,47.51886,52.028534,47.56694,46.207706,47.979176,48.84237,47.850895,43.918037,43.811275,44.650146,51.848297,112.984024,193.25749,NaN,193.95256,NaN,NaN,NaN,NaN,NaN,NaN
