Bone lengths,,,,,,,,,,,,,,,,,,,,,,,,,,,,,,,,,,,,,,,,,,,,,,,,,,,,,,,,,,,,,,,,,,,,,,,,,,,,,,,,,,,,,,,,,,,,,,,,,,,,,,,,,,,,,,,,,,,,,,,,,,,,,,,,,,,,,,,,,,,,,,,,,,,,,,,,,,,,,,,,,,,,,,,,,,,,,,,,,,,,,,,,,,,,,,,,,,,,,,,,,,,,,,,,,,,
head,172.4272,204.06291,239.3218,260.31366,120.306,136.81131,158.17107,160.5152,171.2191,150.21767,148.61226,150.78873,148.06857,139.83054,143.00475,170.15337,238.61418,197.49779,195.48238,204.31935,187.89807,186.07759,184.64146,189.8731,197.71396,196.70488,190.23608,188.37732,187.17682,184.77332,182.9233,169.04561,165.12,163.90254,164.21796,171.51393,177.8643,194.74205,191.98225,188.27666,183.63832,207.87657,202.4588,207.79578,209.97922,221.10489,219.15628,217.75961,232.04918,230.34985,224.74214,222.48027,224.91298,227.61087,234.16876,243.03542,250.31198,230.04489,236.85007,242.54143,231.09608,230.75977,217.48038,217.6542,218.7366,220.16452,216.46324,210.85893,211.12494,214.17429,213.77103,215.00244,215.30359,214.83633,214.39275,214.13551,213.30174,212.97041,213.23328,212.69897,212.23065,219.71928,219.7865,217.22572,218.64833,227.88206,232.01584,230.13652,225.83905,224.1582,219.90407,224.75005,226.45154,225.71574,216.84056,204.40118,200.6422,214.28427,207.48335,202.26921,208.74397,237.48177,227.7811,234.37608,239.39731,238.02086,238.17181,236.20198,243.81581,242.96733,247.67401,246.43506,239.37741,233.76286,234.49448,229.4249,227.43806,218.44583,224.4355,241.37248,223.79573,233.94604,243.61568,249.33315,266.49826,256.18445,251.19579,262.34167,263.38852,277.7655,268.4186,263.94363,254.94104,255.5834,247.61595,251.99863,249.85574,245.87688,273.71088,277.0296,276.19962,230.8578,269.84845,262.65195,242.96582,234.23972,242.98479,237.37508,237.74303,251.73303,249.98642,240.42162,245.87425,255.2518,241.4862,243.3705,240.78539,243.50307,235.97133,234.8366,235.89641,241.1442,241.445,240.15067,245.95976,248.8448,252.6938,250.40462,249.79388,248.90807,230.61871,221.51437,256.91068,235.72209,225.20332,219.28879,218.44188,220.20702,220.30669,216.44687,215.73218,214.67409,214.88919,214.41966,215.7326,216.09468,215.96895,216.45605,216.19289,217.29726,217.54419,218.39438,217.27592,215.51012,215.98499,216.3918,218.35237,218.20317,216.55165,215.13663,215.16037,216.19455,215.24745,215.74619,214.8519,214.25423,215.8769,216.86627,217.21652,216.66899,214.92639
Lshoulder,121.60295,118.45815,98.61763,102.0688,103.710815,105.010735,114.80463,118.96594,118.25226,146.11856,140.50029,134.24738,117.08837,112.612404,120.542496,108.96112,88.548485,155.6746,194.54338,137.93611,133.23805,131.01967,131.17809,132.59897,136.29066,139.78868,151.6861,166.15082,177.53583,180.48952,184.45528,182.11914,178.8016,174.22977,170.38228,164.61563,159.63356,143.324,137.05641,139.1193,125.90345,124.881386,137.00055,147.82217,141.40645,146.09111,170.3055,126.02922,139.06139,145.30392,149.32858,149.62083,144.75343,140.6451,147.15598,147.29454,154.8494,143.04492,163.68024,164.33086,173.92317,177.14577,202.1499,183.78273,180.70631,181.73392,184.4847,189.55971,192.4813,190.34824,190.95207,189.09065,187.28476,186.01854,184.86537,184.9571,184.93251,184.92642,184.8062,183.7142,182.84665,193.65561,189.72816,181.21828,175.14337,177.28816,182.84369,174.31439,171.60368,173.40082,169.32663,165.54648,166.07057,158.32874,154.76268,149.45953,149.64937,141.25015,152.85703,154.28015,152.73708,156.78947,151.39348,156.2472,157.13058,154.02144,155.8978,171.4208,176.93172,180.37282,180.53,183.80722,109.383644,117.316,130.52982,136.27042,148.90887,148.18748,150.76355,80.09185,161.37329,165.85712,176.8184,181.86732,176.06255,172.09981,173.04436,169.70393,164.79147,193.71294,179.32715,171.69553,167.38202,151.74411,146.93365,151.07689,158.65637,152.69307,84.11544,84.222664,85.42092,125.44718,134.36447,135.54802,155.45895,155.08669,148.29697,151.49506,155.42592,151.78154,147.90948,152.62541,170.61739,173.64198,174.03882,175.7716,170.2802,172.35207,180.4137,175.1872,173.1417,172.19405,172.1184,171.76312,172.87883,173.64526,177.94978,178.02242,177.64532,177.00217,175.8901,175.65172,175.29997,174.76347,174.87509,175.20692,175.36432,175.18568,174.92159,174.17384,174.16446,174.76244,175.07082,175.2108,175.2757,175.29738,175.35333,175.41328,175.15126,174.67186,174.33366,173.85085,174.31906,174.78952,175.08183,175.30061,175.38083,175.42725,175.4927,175.5059,175.24222,174.60892,173.64624,173.77399,174.12408,174.5016,174.72147,175.09622,175.31367,175.42258,175.236
Larm,251.04027,261.62506,268.88104,266.0463,257.73166,256.17456,270.3389,260.7234,259.09616,255.69957,248.35226,242.62988,278.03833,261.18274,241.75801,221.17734,203.75967,204.9192,245.40172,289.2621,269.88416,259.62164,252.06862,244.80507,241.01271,239.24222,238.61823,241.91362,244.52882,267.83603,268.3543,231.1992,234.47194,226.67567,227.09447,229.57356,232.77684,233.50446,237.98553,204.30261,284.41895,269.10773,253.28406,230.19922,237.10487,197.19144,219.98412,248.35405,244.64243,239.31198,234.6096,230.74016,234.57986,290.55606,270.67767,269.54755,251.50986,255.54474,235.63272,263.5595,252.51047,257.35458,263.4324,260.952,265.49503,265.2915,261.29007,261.77396,263.63345,264.71286,261.43808,260.8777,264.17755,262.7255,260.4423,260.51263,263.25198,265.99985,274.58755,279.5709,284.596,275.88248,276.06375,276.90445,274.37973,278.39905,261.92825,281.7168,240.0404,240.80797,230.40431,223.60602,224.91228,211.32623,237.71129,237.71135,235.17847,241.1367,279.54495,275.39877,285.22906,293.07858,280.97452,277.59967,260.3711,259.1503,307.06613,269.0198,263.18628,272.1313,290.049,281.22787,316.8553,303.03717,284.29834,252.64822,248.83076,263.60934,240.77841,232.48468,228.21991,230.62637,245.29704,269.9756,284.29462,287.66315,276.11353,266.1112,257.6837,257.19156,267.57654,247.01627,240.07768,238.88435,263.1194,267.2065,251.54968,243.48297,235.28284,232.41643,232.6689,346.70706,346.64676,329.93387,285.04846,266.85654,276.15234,265.44632,262.52353,236.59622,246.51591,254.42822,230.38196,279.90787,241.78345,226.0827,224.0815,238.5509,247.64568,255.56476,242.02364,235.74466,243.27036,285.5793,259.26492,232.88678,228.83217,230.60484,238.90479,247.87534,391.22363,288.4721,326.79498,306.783,298.05624,299.01642,297.8744,295.5666,291.72946,278.80164,278.1915,284.42282,291.09348,297.13138,303.60995,310.9963,324.19208,328.52444,317.7195,318.95346,312.51718,315.85907,323.96756,323.98346,328.10843,330.6023,349.08887,361.845,358.1884,358.03452,361.11157,362.60776,362.93866,366.81274,369.3936,356.46262,357.91605,346.11438,345.9212,343.25797,345.49655
Lforearm,251.04025,268.7977,264.29514,267.4538,322.21756,355.25613,404.6744,398.38412,399.12906,465.06445,325.06195,260.3507,231.42123,203.11537,192.0111,177.96751,201.2996,211.48094,233.52803,222.48077,229.83951,239.46327,252.35793,261.1017,268.5222,275.98398,283.56464,281.80334,280.93607,276.1789,270.18423,228.26498,237.46747,257.94446,238.16808,228.21056,235.21461,239.32074,248.29665,192.70575,135.81898,177.23528,292.94565,329.9136,366.41708,265.68195,310.78735,309.24066,322.8492,340.45807,319.52603,317.88876,314.0176,308.751,313.70615,309.49686,301.53833,279.06595,338.73816,370.15204,362.94693,337.82605,302.7428,318.95724,311.06326,313.06247,311.63574,312.42834,304.17285,303.48163,296.0175,301.79907,315.54593,297.16684,302.2997,313.012,316.56265,316.54132,302.3664,306.0971,329.3765,302.611,334.55286,347.1675,257.71,323.80362,253.88684,301.3086,341.64795,341.33154,340.4924,265.48492,339.17908,379.00632,353.72333,289.5161,459.2434,373.78156,317.85284,404.75995,381.38885,379.03598,369.64792,357.8154,376.95914,409.26788,283.66385,344.77008,321.37317,361.61078,376.12262,339.90186,379.96265,385.22015,375.79037,283.492,279.38318,426.80313,358.89725,321.96692,382.7551,408.7203,375.79733,350.4035,273.55075,294.27875,336.65173,282.12054,279.14597,306.3559,311.24344,314.47736,313.0583,315.25482,305.61865,281.4771,286.0197,280.79797,275.3661,308.14157,276.27365,344.80002,319.57632,293.1272,468.55597,545.11346,370.05362,287.88293,368.52698,307.40274,361.1177,351.86917,370.14322,226.50157,358.55057,329.30902,356.71152,357.40732,305.57318,290.21167,297.44666,301.44223,312.16788,305.94693,319.7499,381.43988,352.53137,354.24103,345.06183,320.46555,160.23285,288.47202,235.19925,250.40883,259.7198,274.65698,285.31995,298.7167,305.9652,313.37863,310.37262,313.37732,314.41995,309.94037,301.73853,295.57867,288.39972,291.33356,296.89496,304.3558,309.22818,305.56616,302.09622,302.0582,301.3543,298.07776,287.38446,283.9113,284.28543,283.67188,286.3914,287.04578,286.76196,288.23343,288.82947,286.16605,287.05338,285.39575,282.77698,282.09396,282.60947
Rshoulder,121.60297,118.45816,98.61763,102.06882,103.71082,105.01074,114.80461,118.96596,118.25225,146.11858,140.50029,134.24738,117.08837,112.612404,120.5425,108.96112,88.548485,155.67462,194.54329,137.93636,133.23805,131.02003,131.17796,132.59897,136.29068,139.78868,151.6861,166.15082,177.53583,180.48964,184.4554,182.11925,178.8016,174.22977,170.38242,164.61563,159.63344,143.324,137.05641,139.11952,125.903366,124.881386,137.00052,147.82219,141.40643,146.09111,170.3055,126.029236,139.06139,145.30392,149.32858,149.6208,144.75343,140.6451,147.15593,147.29456,154.8494,143.0449,163.68022,164.33086,173.92316,177.14578,202.14989,183.78273,180.70631,181.73392,184.4847,189.5597,192.48128,190.34827,190.9521,189.09062,187.28479,186.01852,184.86537,184.9571,184.93248,184.92642,184.80621,183.7142,182.84665,193.65561,189.72818,181.21832,175.14337,177.28816,182.84369,174.31442,171.60368,173.40082,169.32663,165.54645,166.07057,158.3287,154.76268,149.45953,149.64937,141.25017,152.85703,154.28015,152.73708,156.78947,151.3935,156.2472,157.13058,154.02144,155.8978,171.4208,176.93172,180.37282,180.53,183.80722,109.383644,117.315994,130.52982,136.27042,148.90887,148.18748,150.76355,80.09183,161.37329,165.8571,176.8184,181.8673,176.06255,172.09981,173.04436,169.70393,164.79147,193.7129,179.32715,171.69553,167.38202,151.74411,146.93369,151.0769,158.65637,152.69308,84.11545,84.222664,85.42094,125.44718,134.36447,135.54802,155.45897,155.08669,148.29697,151.49506,155.42592,151.78154,147.90948,152.62543,170.61737,173.64197,174.03882,175.7716,170.28018,172.35208,180.41371,175.1872,173.1417,172.19403,172.11841,171.76314,172.87883,173.64526,177.94975,178.02242,177.64532,177.00214,175.8901,175.65172,175.29997,174.76347,174.8751,175.20691,175.36429,175.18568,174.92155,174.17384,174.16449,174.76244,175.07083,175.2108,175.2757,175.29738,175.35333,175.41327,175.15126,174.67186,174.33366,173.85085,174.31906,174.78952,175.0818,175.30061,175.38083,175.42725,175.49272,175.5059,175.24222,174.6089,173.64624,173.77399,174.12408,174.5016,174.72147,175.09622,175.31367,175.42256,175.236
Rarm,251.04028,252.91898,253.32828,255.40038,255.40039,255.56432,254.39342,251.64716,250.42215,248.20738,248.19131,190.08896,202.06407,214.23268,211.63928,213.59805,207.47124,215.30327,212.80463,165.21283,230.88861,252.64635,257.8378,239.6948,241.21634,253.20746,264.84116,275.6552,311.1782,307.4004,323.82275,297.99536,274.3683,284.30725,292.58038,289.04556,287.74213,273.4316,261.285,184.18217,212.35814,221.10196,249.18571,239.12926,246.90741,271.1956,235.34952,240.85599,272.77512,260.18573,247.96625,251.29402,257.52405,249.62163,254.29468,247.59622,267.2093,291.08838,263.9726,276.14874,283.65552,285.51154,295.3623,253.96758,273.4741,279.5039,281.0512,273.4299,260.23993,256.7149,260.2258,261.5936,262.48163,263.76276,267.5464,270.13556,270.05624,271.87622,272.77005,273.36093,268.9702,274.20645,253.5803,261.58136,272.89215,273.74826,279.75107,273.45395,265.7803,269.09616,273.98056,270.37823,265.49704,246.892,226.63548,236.73412,250.01865,241.78166,185.03725,203.49931,171.6704,155.54251,148.39365,148.61215,100.65259,113.16481,131.75826,151.39355,170.02411,161.30835,173.07002,112.27655,125.04285,298.8692,294.46832,294.80112,289.40442,284.5371,284.53717,284.5371,253.108,255.85469,257.85168,270.22925,274.96118,282.40118,248.33034,256.40332,233.97299,123.30213,115.91104,123.5656,285.10294,198.38681,218.21446,229.24504,224.81853,240.23943,235.38647,319.35226,334.07095,334.2478,287.76022,254.12735,278.74893,263.12732,277.9205,269.9174,250.61676,211.17622,231.05156,249.80118,255.46935,254.60913,254.0709,208.06853,227.79839,242.18004,235.78906,229.61926,236.76767,233.24486,232.86964,234.9442,247.65141,218.12689,253.60463,251.30363,252.979,258.66718,416.55432,288.47208,338.77396,341.59354,341.1047,344.0399,342.81683,345.02548,349.88614,321.4278,319.71506,315.9319,305.6753,301.82687,299.18997,305.2589,311.73877,320.18796,317.75644,319.44824,315.33505,308.2076,317.03745,323.31155,333.64105,329.13406,322.32327,310.95026,308.42584,303.31705,300.68265,315.26147,318.0818,317.0043,332.48587,335.2847,341.64603,334.53015,328.97168,313.5246,303.81702
Rforearm,251.04027,252.91902,253.3283,255.40042,255.40038,255.56429,254.3934,251.64719,250.42221,248.20741,248.19138,229.37267,221.94218,222.73123,227.51053,209.78218,207.02678,197.47888,193.27484,172.41756,150.54768,157.12402,217.4212,206.70428,216.27934,223.80315,281.5893,258.6498,337.56094,320.48035,291.83267,186.5429,188.42838,178.54243,160.41957,161.91519,179.14638,190.73503,255.63687,297.3329,295.1467,617.54047,184.82005,301.7207,298.26514,288.0136,320.3542,356.41278,293.3782,349.79846,350.9438,329.5894,292.67004,255.85083,271.23407,254.64583,269.13263,286.64877,322.43695,345.55008,337.78824,307.86697,312.91046,335.40567,315.98325,317.33328,342.94742,323.49017,341.28775,348.35916,339.42804,342.24597,335.52982,344.61246,333.2108,343.13657,351.84213,348.5227,335.11642,335.65756,332.0979,312.9252,310.49936,313.83887,320.46536,329.9963,336.90985,343.8002,352.13266,358.31476,348.2249,329.83633,338.62045,363.7631,367.24097,382.17343,369.9711,349.19934,424.54898,421.16986,497.90433,499.08572,435.02753,440.09222,556.0867,462.88718,381.02365,293.26956,222.11195,168.72217,139.78038,177.06174,141.79901,329.86414,270.0328,239.2818,210.96974,284.5371,284.5371,284.53714,336.56824,350.93295,340.85184,321.62338,278.13562,307.04178,344.62933,361.8448,321.08737,273.09897,291.70746,292.42703,204.49472,321.6921,340.47916,317.55878,138.97443,252.1429,208.91794,317.22543,328.1695,315.41595,352.97946,325.39258,312.76257,358.37698,351.26053,311.12668,294.58594,194.26204,251.44136,426.29608,384.29388,320.31934,298.67868,367.33664,354.40332,344.24323,356.16382,319.82156,364.51617,267.5741,258.16055,323.84317,304.49774,301.98676,295.37628,293.23636,295.82297,297.2599,148.63,288.47208,249.75412,275.1255,290.4473,302.08353,307.42426,312.07385,316.56885,306.99673,306.31177,309.8959,315.08984,326.2713,328.82172,326.37274,322.30438,321.16562,315.07898,304.4056,300.46622,301.95526,301.75842,306.1658,314.24966,321.5193,324.61322,324.5121,323.0842,317.93155,312.15048,309.62958,304.90594,307.80872,309.04834,333.30972,330.4248,331.2698,324.03058,321.44458,323.70578
torso,234.74747,226.88617,215.47371,212.49483,258.5173,251.31552,249.4062,239.1268,235.69911,233.21494,200.94637,194.2267,195.74123,196.96558,195.53731,194.94019,202.63318,213.74702,211.63388,210.12616,205.25168,205.2191,215.59964,217.00041,218.70203,221.51474,225.69199,229.04066,226.0115,226.36543,226.92693,227.04411,223.40579,224.27701,222.74393,222.18256,221.93318,220.69589,219.97896,218.73404,226.8506,223.89044,222.79494,221.42664,218.7614,216.98994,216.56596,215.2158,209.81802,209.12434,210.86153,212.00677,211.77487,210.30824,208.48058,206.6866,206.07788,216.60904,215.10321,217.43727,227.74155,231.07538,230.15315,228.10014,225.31055,226.831,229.98407,231.22815,233.41391,233.60187,232.14915,231.60411,231.81554,232.18245,231.61328,231.20464,229.27943,228.82892,228.51633,228.30133,228.04149,226.00496,227.76756,225.32878,225.16685,227.54694,228.08395,222.37688,222.9211,220.783,218.76085,217.5938,219.63106,222.46475,219.75966,228.62479,233.32074,233.11635,230.85968,232.65944,235.10454,224.86693,230.74678,228.93996,229.14752,228.91399,228.81786,227.49367,224.64825,222.1666,222.706,223.1529,227.27365,228.13036,223.36176,219.85632,212.62103,213.76854,214.52133,220.77066,219.89432,217.23196,222.43045,229.89513,228.78784,229.08568,224.66875,220.37737,225.66718,211.64496,211.92467,218.05875,221.71304,227.28212,226.98817,218.71146,218.88602,221.45024,213.45694,213.1765,214.94337,214.23257,215.84465,217.72664,220.90814,224.1826,220.25835,219.1248,220.67793,215.3743,221.24995,224.8811,230.7362,226.38745,226.56577,218.06863,214.97083,211.70338,211.45143,209.79366,209.5396,207.98195,207.74934,208.71642,210.96138,213.48744,211.56143,214.63794,217.8762,217.29497,218.93668,219.74287,220.1528,219.96745,220.16673,220.33273,220.41406,220.42697,220.44148,220.4849,220.45619,220.5161,220.4477,220.38731,220.43855,220.45229,220.48555,220.53502,220.23497,220.36726,220.41393,220.40553,220.4379,220.46854,220.48781,220.50989,220.49197,220.50029,220.54457,220.56,220.51567,220.55003,220.51599,220.50578,220.49667,220.50511,220.51147,220.51735,220.55472,220.57144,220.53406
Lhip,264.5209,252.60791,239.37015,230.08879,278.79996,272.18054,269.9896,260.14023,256.27386,251.81563,227.55678,221.55888,222.56369,220.73482,211.83508,202.01639,206.57372,220.82181,218.43643,213.87021,206.90512,206.86572,226.655,228.55602,230.92952,238.17003,249.9914,273.49936,271.59415,270.43994,274.37796,272.45346,262.256,259.27942,255.36086,251.91457,249.14102,244.25125,235.88774,231.04736,240.17714,239.41629,241.24335,239.93648,238.83315,239.0049,238.02122,234.2212,228.49559,227.28706,229.03246,230.2048,230.04811,227.52847,225.12306,225.1746,225.2468,236.7889,235.76846,239.479,252.50668,249.14618,251.68178,248.66824,247.2393,250.58952,255.51987,254.52509,255.39075,255.21082,253.32928,253.554,254.4243,255.16818,254.96405,254.54507,253.28275,252.79556,251.82971,251.7627,252.57874,250.93956,249.46288,248.8398,249.52013,249.99178,250.6539,247.09795,243.64171,241.84015,238.65413,236.65125,239.1923,240.10938,235.49286,241.25517,244.83118,246.23215,246.02643,251.19592,254.03311,243.27254,240.01584,236.4991,236.6603,237.03105,238.50452,244.01306,246.85455,246.78937,246.30644,245.65753,243.47485,241.80746,235.19286,226.0048,218.81915,222.47975,214.64587,234.76549,236.74179,237.91791,247.45477,251.47946,253.36502,253.30524,248.25488,246.14774,247.39384,234.11272,231.941,239.27342,239.7813,243.06685,240.9861,233.26416,233.91429,234.42726,221.62666,219.49358,219.77127,216.65727,220.61299,221.71031,227.18474,232.50784,233.13496,234.15768,233.66849,229.59685,234.29106,244.31136,250.56311,250.5684,250.20192,242.99422,240.51431,237.49774,234.8952,232.2017,231.23352,227.15958,226.85086,226.24573,232.47173,236.1711,234.4586,239.2459,241.14809,239.75142,241.0643,241.74377,242.30655,242.0956,242.32141,242.54321,242.70111,242.74812,242.71573,242.6911,242.48494,242.53813,242.62152,242.64197,242.7228,242.75111,242.78667,242.84518,242.58731,242.8837,242.69566,242.54604,242.42722,242.5515,242.67432,242.7609,242.85179,242.84991,242.88675,242.90924,243.60036,243.22118,242.81168,242.5616,242.53456,242.58496,242.65413,242.69632,242.8113,242.87375,242.86359
Lthigh,383.9439,509.77454,495.05234,467.96484,415.472,405.93256,397.7591,370.5004,372.5813,373.65,373.5871,372.4548,371.11078,368.99936,368.236,342.97232,319.11307,394.82336,401.99124,404.14523,404.45502,432.7376,386.78452,386.31223,383.27548,397.01123,404.2318,413.88287,420.27783,417.18262,415.739,416.58197,415.8163,414.72073,425.87988,431.09924,443.01694,437.64966,425.1695,414.6111,409.25082,409.14188,403.4384,416.4318,420.66003,407.85776,417.61792,409.28903,410.6138,409.11133,412.3389,413.1374,413.03656,415.24503,409.25937,418.2505,422.49133,418.63394,425.83942,406.6606,423.6151,433.41168,431.98022,449.46527,444.2616,440.6973,439.38223,446.83694,447.71,444.45883,443.0082,444.07776,441.41025,441.5734,440.20935,442.3937,447.05515,445.87625,445.7301,448.92422,463.07983,467.42075,456.82108,457.226,451.88403,449.732,444.83484,445.8238,443.21982,435.2976,452.8466,451.28818,442.8033,440.67047,439.4834,433.6796,435.50235,451.54242,464.15375,461.84555,442.24042,432.29813,448.8028,451.52945,444.92175,443.19363,452.82965,448.544,454.17697,457.55676,454.10846,453.60486,449.7907,452.0893,452.94302,490.35135,494.34323,496.70596,482.49255,470.717,461.5454,464.87857,472.53302,452.84796,431.59717,435.14832,458.35822,452.7304,443.00565,458.01776,467.0878,465.64114,464.24536,467.15195,477.57812,475.9878,465.91183,459.81516,451.14825,452.40536,452.39188,451.35007,400.00183,405.9007,412.28574,416.76407,437.83926,446.4608,454.0335,462.20242,477.4353,465.59067,462.0516,461.40057,461.04816,463.975,470.69806,472.2552,465.4606,466.09967,454.37698,450.10355,456.71967,445.55835,442.71844,439.374,441.49527,448.83606,441.40457,445.8603,440.47888,434.47205,437.33215,452.07773,446.4147,443.3062,441.7069,440.9809,440.9047,440.7114,440.46686,440.5548,440.49768,440.46844,439.939,438.31384,439.13846,438.34174,439.22144,439.5851,440.22897,440.27115,440.55817,440.35236,440.3117,440.3109,440.28387,439.74878,439.6974,439.5043,438.0249,439.5921,440.04382,439.69492,439.2076,439.59534,439.17767,440.06818,440.57956,440.32806,440.37418
Lleg,369.17688,304.63574,320.54953,320.6368,317.3968,314.69144,313.2189,368.08978,371.269,323.92035,321.7895,321.414,322.39774,305.60025,297.7307,298.28253,421.4278,296.5508,303.66293,367.77756,395.01492,382.74448,373.4588,380.53528,398.55008,387.57047,391.5688,398.17722,401.70914,403.0215,367.3711,365.85107,365.64655,372.22174,374.81448,378.0334,374.53146,401.54962,407.87827,398.62537,391.91714,398.41745,407.71368,398.79434,396.8514,407.7226,409.02704,429.48502,420.3827,411.5147,409.0587,404.03613,401.91306,395.7973,392.8666,375.82947,372.06412,384.22018,386.50235,448.07025,431.64963,440.4159,420.79037,419.09393,416.99667,419.55832,436.27194,423.93634,399.99734,409.49384,415.30447,406.75607,402.2576,429.80667,445.44577,432.80426,433.1793,442.143,448.42764,444.36047,433.557,424.25128,425.15924,425.5697,425.62622,425.16193,423.66034,425.36304,430.23053,444.1414,444.72116,449.1023,434.59708,438.51782,447.0613,451.55807,452.67804,453.36688,456.86624,457.71307,448.5107,416.38126,384.71863,377.22058,381.56296,391.96738,420.23358,418.46225,411.3134,400.47482,414.4328,410.08157,417.07596,420.85446,448.28806,452.97827,475.0643,452.8981,386.03516,387.67096,413.1902,405.1438,418.2311,415.07706,397.62396,408.57224,445.25174,445.69424,367.07233,465.24738,476.81403,478.03226,479.9374,481.6012,488.081,484.4956,481.9674,501.62024,437.2551,434.72394,435.34985,436.90363,437.27313,433.87433,431.05826,417.75336,413.5031,414.08823,421.116,430.24564,493.98825,428.66046,428.03586,425.0004,420.98682,424.9217,446.85968,447.71054,446.8807,443.31995,441.5079,427.44006,422.22293,445.7759,436.262,439.90067,431.592,420.2593,424.33514,426.2322,405.4671,385.89447,365.29593,368.9934,411.92996,426.76575,447.0892,452.855,444.87878,442.10483,448.79605,444.1656,445.18808,444.16544,432.58646,415.5422,420.5198,421.39584,422.1373,422.8273,423.12427,423.46887,423.4697,423.55862,423.55844,423.00012,423.1671,423.4369,422.1692,421.09256,422.4005,422.10043,422.39734,423.1076,423.6643,423.92865,423.07574,422.67255,422.78113,423.21817,423.70047
Rhip,264.5209,252.60794,239.37015,230.08876,278.79996,272.18057,269.9896,260.14023,256.27386,251.8156,227.55681,221.5589,222.56374,220.7348,211.83513,202.01639,206.57373,220.82184,218.43643,213.87024,206.9051,206.86572,226.65497,228.55598,230.92953,238.17006,249.99147,273.49942,271.5942,270.43988,274.37796,272.4534,262.256,259.27945,255.36086,251.91454,249.14099,244.25125,235.88776,231.04735,240.17711,239.41628,241.24336,239.93645,238.83319,239.0049,238.02121,234.22122,228.4956,227.28708,229.03246,230.20482,230.04811,227.52849,225.1231,225.1746,225.2468,236.78891,235.76846,239.479,252.50667,249.14618,251.68182,248.66826,247.23932,250.58954,255.51988,254.52509,255.39076,255.21082,253.32928,253.554,254.4243,255.16821,254.96405,254.54506,253.28275,252.79555,251.82968,251.76271,252.57874,250.93958,249.46288,248.83981,249.52016,249.99179,250.6539,247.09796,243.64171,241.84016,238.65416,236.65125,239.19234,240.10936,235.49283,241.25513,244.83119,246.23215,246.02638,251.19588,254.03314,243.27249,240.01582,236.49913,236.66035,237.03104,238.50455,244.01297,246.85463,246.78923,246.30635,245.65747,243.4747,241.80734,235.19276,226.00479,218.81918,222.47974,214.64589,234.76549,236.74185,237.91795,247.4548,251.4795,253.36502,253.30525,248.2549,246.14778,247.39386,234.11272,231.941,239.27342,239.7813,243.06686,240.98608,233.26419,233.9143,234.42729,221.62675,219.49356,219.77132,216.65732,220.613,221.71036,227.1848,232.50784,233.13501,234.15776,233.66862,229.59691,234.29106,244.31136,250.5631,250.5685,250.20197,242.9943,240.51433,237.49777,234.89525,232.20175,231.23354,227.15958,226.85085,226.24571,232.4717,236.17108,234.45862,239.2459,241.14807,239.75143,241.0643,241.74377,242.30658,242.0956,242.32141,242.54323,242.70114,242.74817,242.71573,242.69112,242.48492,242.53818,242.6215,242.64197,242.72275,242.75111,242.78662,242.84515,242.58728,242.88367,242.69566,242.546,242.4272,242.55148,242.67429,242.76093,242.85176,242.84988,242.8867,242.90915,243.60028,243.22112,242.81157,242.56158,242.53442,242.58478,242.65408,242.69621,242.81122,242.87372,242.86357
Rthigh,383.9439,268.7367,282.21033,295.90936,147.67673,163.4446,341.18945,343.46918,331.87372,416.32242,360.7168,346.16333,352.3968,347.98257,353.0627,355.39975,347.45596,411.56308,391.28302,392.10934,405.39368,417.66263,412.1732,412.2246,410.80966,405.27594,410.8026,400.4165,410.2752,410.7905,408.57388,410.7434,422.63748,407.0303,404.90417,404.4364,405.37128,402.85693,390.69284,398.45413,404.16025,410.988,420.49518,406.66226,399.72604,393.7904,401.77405,384.90646,390.4717,392.10333,396.8598,398.8271,400.23077,403.91373,412.35654,417.04697,421.0564,394.01282,411.2575,413.0818,434.64093,441.54688,453.8697,436.52347,451.90976,449.57928,446.6401,447.75983,445.81393,445.88608,445.9051,447.175,448.7848,447.33163,448.96875,450.21503,451.8297,450.9288,449.7492,450.1352,460.12064,455.8883,456.10822,451.81827,445.76425,441.05304,443.19473,450.93747,454.16812,462.5524,469.00693,469.95544,466.73367,462.1849,471.77103,455.52817,464.33707,467.69797,455.99466,454.68756,447.2199,457.20654,481.97827,494.5793,498.43997,491.66916,487.05954,491.6612,491.45758,485.4349,482.29837,441.52423,445.20395,445.5191,489.0953,498.71954,488.27835,492.97067,488.87527,472.2658,457.45963,456.17615,451.4635,437.56277,439.44534,433.06207,441.1116,445.05957,448.37863,461.42236,458.86142,438.0922,440.5456,441.6213,441.52975,443.91025,442.08328,469.8286,469.51767,464.44934,457.56396,449.68198,450.30463,455.31857,452.98114,453.04388,450.86346,448.77762,464.63486,469.61942,451.3822,452.39618,459.52402,456.88443,448.9583,449.7848,455.8582,461.58948,461.31693,458.8171,458.11554,457.62207,458.85806,447.90967,448.45987,457.85132,463.5096,464.2298,465.73978,464.10202,450.3646,437.6425,438.5983,446.1882,442.93835,441.82645,441.17993,440.81052,439.86478,439.829,439.95627,439.99503,440.53156,440.60175,440.81937,440.02213,439.93268,439.91797,440.12973,439.82947,440.33948,440.22452,440.34488,440.14755,440.48526,440.63004,440.7789,439.65298,439.44125,439.737,439.0664,439.87006,440.64786,440.54092,440.22754,440.1964,440.56873,438.4072,439.74796,439.87244,439.2487
Rleg,369.17688,340.76923,327.9397,315.25244,281.9118,409.30826,309.10596,292.22266,209.77554,308.2847,315.82782,327.5007,339.2732,296.1317,305.4473,331.96198,317.50882,312.189,339.17682,361.03793,388.48895,394.02618,385.44193,371.03064,384.7778,384.1512,374.8302,402.04913,387.65173,387.41147,397.14075,404.88742,408.73236,416.99286,419.94315,419.30563,418.81317,414.28043,410.46594,406.82452,406.21674,409.36276,423.0234,454.2693,386.6481,368.73306,401.40295,389.19473,388.12802,391.5257,390.38818,392.35898,391.99905,385.76956,384.13144,428.17996,416.8979,408.00992,422.5534,427.52612,406.92484,412.62732,430.40695,442.87393,414.6498,409.39615,439.1628,431.28983,424.72168,423.24582,425.46927,428.18,431.47473,432.72723,435.06,436.09937,437.06622,439.378,440.96616,443.47653,433.73868,438.35355,437.5188,423.08472,410.63608,391.26886,436.79346,434.5171,436.9351,444.1975,439.01157,436.53653,406.1446,392.9564,395.10977,411.56076,399.06427,392.98987,398.36392,402.81198,426.0021,411.45917,384.35916,353.25064,347.91446,368.90652,379.77414,392.85458,397.05615,360.71072,374.97247,472.0606,467.55627,470.83832,453.0246,484.0807,482.89536,482.23013,477.86392,457.63315,426.1729,469.56497,449.64236,390.6944,424.5543,409.81152,413.95886,406.94424,411.51895,405.62708,378.26535,383.2027,400.0021,431.22534,482.8001,465.7051,458.60016,443.98285,423.72095,423.82092,399.6973,408.09637,419.05322,427.97885,420.4617,407.11578,421.8667,438.30963,464.70862,466.71722,463.89682,465.43,440.66666,434.30997,441.2529,437.08966,451.23288,464.97864,459.41135,438.7961,445.06866,451.253,450.47513,450.9599,433.33176,414.9871,413.13358,409.58514,419.4671,411.0406,402.65195,421.17258,415.77682,416.81818,455.22772,470.3474,484.9583,469.8929,449.77643,440.07486,459.69928,462.88196,471.25858,461.7335,446.0195,450.7656,454.64157,462.2483,463.48102,462.23376,459.6125,463.42786,468.61865,459.40213,452.44363,446.4172,432.84784,440.54947,445.31195,437.609,434.52545,448.21075,450.665,458.79163,445.2047,444.95337,456.33737,471.3522,439.74097,434.83084,401.7932
Bone radii,,,,,,,,,,,,,,,,,,,,,,,,,,,,,,,,,,,,,,,,,,,,,,,,,,,,,,,,,,,,,,,,,,,,,,,,,,,,,,,,,,,,,,,,,,,,,,,,,,,,,,,,,,,,,,,,,,,,,,,,,,,,,,,,,,,,,,,,,,,,,,,,,,,,,,,,,,,,,,,,,,,,,,,,,,,,,,,,,,,,,,,,,,,,,,,,,,,,,,,,,,,,,,,,,,,
head,95.29385,110.9422,110.8796,118.354965,110.70397,124.2358,123.157745,129.73857,134.80916,113.57176,114.89185,115.08207,99.60792,91.33701,72.95206,78.154076,89.83518,90.85969,94.406525,117.946686,122.421715,124.000534,124.47364,125.724434,128.64099,129.30177,133.59691,132.76376,140.97093,137.67957,127.26864,119.545296,107.98035,96.19922,94.10688,88.01102,81.87366,76.95072,78.34208,85.13463,78.85746,61.75357,59.63,61.837933,69.86253,85.785645,80.99439,71.578415,76.09397,76.74262,73.00894,72.8519,74.76161,81.94247,86.81345,75.42526,63.27675,74.52141,66.83982,64.63916,62.343346,90.794464,92.579155,77.90352,75.749916,69.18401,71.15141,77.7536,79.70494,80.599335,81.057236,81.922226,83.640015,79.385475,78.76701,79.62419,79.362885,81.31418,81.88418,81.79583,81.770226,83.50134,87.017136,82.364174,76.36121,73.2368,73.41321,75.98617,73.063896,77.61916,77.68657,77.806046,72.241165,65.33247,70.12347,72.94517,76.67987,78.17548,88.7626,86.177826,75.63498,69.139336,70.01073,71.30128,70.789925,75.2736,88.93318,95.41589,87.405846,86.139336,77.95752,73.53203,73.875465,73.863106,75.4155,77.363235,74.560074,77.99683,72.59833,66.356735,67.038605,64.542755,66.29421,65.11725,61.943718,62.09152,60.607853,62.295322,69.29765,76.68116,81.90775,83.457405,82.99272,85.45195,87.22387,90.636894,95.02089,94.06712,84.31168,81.34668,88.39754,115.561455,79.805695,79.973885,70.42867,76.026794,83.72027,85.24478,89.778275,79.10423,85.701385,79.669334,69.83043,62.801476,66.11966,66.67421,61.72308,63.32789,69.232475,72.6245,74.4253,70.52438,66.70331,72.3259,72.916306,82.03856,78.9283,74.86778,69.87336,64.16987,71.499374,84.018814,80.71731,81.83028,84.730995,80.6472,85.06631,92.171906,88.09964,89.54701,88.20783,87.73166,95.87252,91.121735,89.70104,88.79558,92.95754,97.56941,94.4433,104.26984,105.34514,102.32508,90.83598,82.75478,80.49607,77.118675,77.63127,78.34324,80.10226,84.515274,100.143,112.91346,124.26073,127.85536,114.78302,102.176445,88.39723,84.88214,82.86116,84.32587,88.40339
Lshoulder,126.71797,90.48632,91.74227,102.251396,142.1248,178.39853,181.767,194.68443,191.54143,226.91609,NaN,NaN,157.7779,147.33685,156.73766,117.37665,47.15669,118.36687,110.465096,166.90982,160.30289,149.5925,173.38565,156.88968,119.328415,NaN,NaN,NaN,NaN,NaN,NaN,NaN,161.52698,150.79955,170.50716,157.2059,156.06288,146.66803,147.84569,164.80028,56.64075,52.69151,50.49957,59.436935,60.89255,70.07687,66.16199,71.77389,76.31245,74.81237,69.52943,64.75058,61.339092,60.178112,57.97265,61.53302,59.84814,56.522602,56.87981,62.768044,63.48791,63.350418,78.99488,77.48354,70.007095,63.63005,63.946278,65.81655,67.28562,67.757675,69.26269,71.86971,73.227295,73.640114,73.13339,73.402054,71.3017,73.29996,73.13609,73.58287,72.96211,80.828476,81.05609,80.59854,79.0944,78.71416,75.33544,70.645226,75.52569,82.71091,74.42031,80.08837,82.11067,75.88733,81.65682,80.962906,79.63304,80.20832,69.130775,81.84725,86.33353,99.02948,95.387596,83.14458,84.918945,85.61146,85.07226,116.54835,98.86203,94.29567,94.25644,91.004166,99.46797,86.823784,68.42397,63.112194,68.62343,74.65085,63.71773,65.4297,63.152718,76.31136,75.32467,65.96211,64.85175,64.023674,66.86231,67.31337,75.170746,89.8485,85.33192,91.58629,104.229774,93.261475,98.09406,96.87524,94.6527,93.35185,91.12177,101.407394,88.33289,488.76083,161.81766,144.01044,59.08607,55.3777,77.893394,78.72827,78.50269,93.14591,96.80742,83.66548,61.82271,63.524426,60.53434,59.86918,60.70482,59.150303,59.951862,55.989883,54.81843,56.755653,56.777374,62.53847,73.71041,84.279854,79.079636,77.93857,79.637535,69.035126,59.261925,75.15097,83.094124,74.58308,66.535965,59.352436,63.700455,67.71142,66.16755,64.32865,61.084846,58.171814,58.559032,55.258217,53.97893,55.62033,58.6132,62.702938,66.86426,67.14784,66.61203,61.735985,62.332916,62.063004,64.58846,56.058044,59.45472,59.071396,60.633854,68.244934,65.42512,71.46723,68.274765,74.67824,78.67891,84.37216,81.01844,76.91354,74.53006,76.798775,70.475204
Larm,82.561676,122.30973,124.65115,131.94215,139.55264,180.98189,NaN,NaN,NaN,NaN,NaN,NaN,NaN,151.85867,148.2258,122.46437,96.37451,72.79071,65.164665,121.63241,118.61042,138.19136,142.38005,NaN,NaN,NaN,NaN,NaN,NaN,NaN,NaN,NaN,NaN,224.27386,NaN,205.58305,192.06052,181.50565,161.55075,100.35979,45.256607,61.19953,58.19625,47.63988,53.360497,56.976692,50.90701,44.7272,41.976067,37.541405,44.779728,54.547226,83.03416,85.70776,77.48567,66.79297,57.00205,74.84604,66.37053,73.80111,70.08623,72.1598,55.222458,56.117462,57.243587,49.94111,48.953053,48.424294,49.970364,51.25689,51.12242,51.82358,51.85426,52.365395,52.163906,51.938484,50.46251,52.776566,57.224564,62.459652,69.81048,67.408714,73.9022,77.92754,78.233116,70.06106,59.464325,57.39409,64.41599,80.65105,83.038025,86.47864,85.784874,80.180595,84.463005,82.82458,89.88159,97.469574,87.324936,89.480736,90.21466,75.35093,64.43226,51.160545,49.89636,63.738724,96.89434,105.86415,102.95402,94.537796,83.64121,49.152466,72.54462,61.71309,64.092865,65.98997,57.016247,82.42192,78.92348,63.664677,58.545464,67.66552,71.617065,66.11954,62.126427,61.90925,64.73124,58.595562,61.044086,79.36555,93.4082,93.2238,99.24841,97.76728,93.59658,94.582504,93.9816,105.567535,107.74797,58.034893,50.559193,107.91846,447.93304,141.68445,141.3015,101.53808,54.469234,42.48947,54.68982,69.97316,56.487537,58.00088,57.59723,59.0171,64.833275,66.39122,63.424152,58.92245,50.3377,50.650375,49.797623,47.377003,52.525608,60.275066,64.352234,76.71618,71.84279,69.79946,64.1454,46.31402,51.882935,77.201004,74.783775,82.54279,82.4507,75.15654,66.95635,68.92887,69.19591,70.3802,67.08963,65.332634,58.448742,55.69725,53.188972,57.45375,61.056007,64.18061,65.86469,73.298965,74.22952,78.21742,80.285324,74.29735,62.30066,67.48963,65.09126,69.16421,64.74831,64.38939,75.426155,80.376976,97.964745,103.43669,104.10549,94.09225,87.35805,86.989685,92.41487,101.33068,110.429924
Lforearm,114.18242,112.95375,NaN,85.43547,97.52284,122.280655,149.12846,163.12473,161.53474,105.42898,117.06826,182.77591,51.66747,65.72955,53.126568,72.90312,85.918434,78.63315,98.942505,130.59055,111.90627,124.42356,131.47778,123.21914,104.043434,82.592354,NaN,NaN,NaN,NaN,NaN,NaN,NaN,NaN,NaN,NaN,NaN,NaN,160.62257,97.3954,38.764854,49.542557,44.677315,50.261356,42.418655,65.63639,38.987743,36.60641,35.3656,41.493275,40.443527,36.17321,52.496334,41.17383,45.385963,43.736885,43.348984,53.177353,38.73409,34.86379,38.712917,45.9627,48.380787,47.06543,42.949177,42.32345,49.082508,44.801758,48.122013,46.809452,50.110577,51.69748,50.547573,47.777794,46.838165,49.567696,47.902935,49.765884,49.103012,52.57286,55.837574,57.92014,53.47804,49.992783,90.56792,53.724766,89.737625,50.10048,49.67292,61.944088,64.778694,146.4455,71.71651,56.627304,71.35721,124.65801,57.735558,70.54273,71.542046,43.25451,45.688873,43.47703,46.5983,40.616123,40.258625,34.274414,89.59591,53.614983,76.27997,53.282146,37.251934,37.468777,52.37687,46.060394,46.607216,79.60411,91.200264,311.62048,78.18366,111.95327,54.090374,51.885212,41.440998,45.27987,50.128704,43.9821,44.46542,39.517258,38.971554,47.05871,68.538475,55.06178,55.860477,61.240562,55.264294,59.263073,50.9605,61.05838,67.79116,44.274002,99.94425,87.020615,399.78162,517.52936,99.62045,113.57277,60.666138,122.74023,32.85111,64.918304,53.500244,39.213814,36.67495,66.91088,51.118088,50.21784,43.913177,78.940765,44.98922,36.061176,33.160122,42.435608,44.60411,38.263374,48.474464,46.557343,50.15133,46.755512,41.203747,35.70001,37.892696,103.82396,50.266327,65.909195,57.51362,42.289364,36.743988,48.793823,56.58585,64.538605,68.52387,56.630756,43.937004,34.802624,29.950888,29.360407,31.724081,28.734457,35.304714,64.61892,72.24691,84.62744,71.00882,60.67077,53.88997,45.75734,40.382526,40.41484,34.933968,38.897285,60.423714,67.93737,73.616066,70.28434,55.63449,37.539383,28.004417,23.767672,32.34863,38.089447,55.637444
Rshoulder,102.76111,94.04366,93.215866,97.26706,81.05828,96.082634,90.69914,98.532074,96.995155,90.3356,80.0833,80.985054,68.48171,64.87218,58.11694,74.77074,NaN,103.91955,72.997025,79.46531,79.3039,80.82431,82.237656,83.45801,88.51839,94.77748,95.465126,92.97473,95.47464,94.47001,90.77373,84.61773,80.97161,78.40057,76.26122,80.10404,80.33136,76.68287,78.41765,83.76897,71.827965,76.13653,79.11621,66.90642,63.234592,71.59386,60.354,52.220913,62.874435,66.55139,60.006653,55.879158,52.32349,50.92494,50.92543,62.62654,64.828156,64.78289,58.97454,68.03208,67.39897,63.4592,75.973045,69.46119,70.8688,66.94515,63.758972,64.30003,67.22513,65.19074,65.26358,64.0835,65.50839,63.90536,63.2599,63.240078,64.07168,63.499393,62.766617,63.88863,63.344593,67.88849,68.31585,68.71186,66.48681,67.0251,64.67314,60.532818,59.464787,64.49008,70.86049,65.39913,62.684364,58.458736,61.052654,54.851326,52.39238,59.640564,46.259315,44.299934,44.635418,58.16168,59.62036,63.454174,NaN,NaN,NaN,NaN,NaN,NaN,155.66887,146.04448,156.75732,140.2113,141.95503,133.265,141.75432,115.45781,102.47358,84.77635,80.52652,80.05358,66.18458,56.45395,57.05202,58.51985,57.39221,57.630363,63.01772,84.702415,73.05047,65.1396,62.66037,57.023094,55.095924,59.411274,57.02083,57.90651,78.34387,119.78315,126.16507,84.31446,89.02635,93.132996,92.01348,94.2036,94.99846,94.62547,72.48638,82.45696,89.48022,85.48519,79.908325,66.566864,63.56394,66.84306,61.76704,62.27433,61.76806,60.099052,60.59175,61.470036,65.52983,61.688232,66.57753,67.87239,68.396095,65.90283,63.90274,58.124664,59.83664,61.042778,59.32234,57.72454,53.32559,53.121258,51.355408,56.423035,57.066025,56.010525,51.882526,54.44129,58.248867,56.51092,55.615906,53.365814,51.50662,50.498447,52.158527,56.150555,56.858704,55.831284,52.728767,54.38947,58.783905,56.58682,52.065414,54.689175,59.56014,56.875202,52.77488,55.07099,55.031197,55.704998,43.221844,38.285522,47.325188,55.964878,45.249092,44.15944,51.976673
Rarm,71.80527,46.73121,39.222713,35.75006,49.33519,69.392555,77.918365,82.62488,88.433205,55.57605,82.39847,58.569603,58.406765,55.096558,52.63167,79.12245,59.14298,120.553764,128.8795,66.645966,60.603954,61.6158,78.06543,78.78252,71.02675,67.33756,70.8869,74.88703,68.22858,70.237686,70.05821,70.11674,69.11035,71.31071,71.961266,74.53691,71.33963,70.786766,64.50108,64.35606,52.732533,45.155018,41.858627,73.00351,70.647354,74.600784,63.822983,70.62398,64.19886,66.00128,60.14619,53.22705,52.173687,56.51432,60.965748,73.61719,75.558174,69.39558,68.52449,85.01301,76.43258,74.869865,95.15399,89.28066,83.79953,87.65797,80.371056,79.63697,80.42205,78.05306,73.40184,68.93031,65.114655,63.64673,64.19689,63.112507,63.00515,64.55335,67.18087,69.65088,77.80014,81.528656,72.10918,84.90538,92.04924,91.60416,88.475296,86.03115,91.81531,102.02266,106.74349,102.16779,97.47387,95.711685,92.83293,83.7927,86.422035,69.87939,76.37493,72.229866,77.9899,89.29429,63.05335,53.014645,NaN,NaN,NaN,NaN,NaN,NaN,NaN,226.88933,504.6271,157.62645,199.18994,186.11044,160.1252,138.48677,131.36649,241.66122,78.79232,62.611595,52.35002,49.89505,52.71097,53.8257,71.83324,79.52355,81.903984,81.68464,100.275116,94.604675,85.57537,95.105156,74.40771,70.035126,66.35317,41.51809,71.25118,48.16499,42.277355,59.172356,49.872143,47.917362,44.547016,51.498928,52.53275,73.21561,90.011856,88.02093,88.37664,83.34026,65.49131,48.366737,57.03432,58.583637,62.54813,78.6625,96.40623,92.70472,91.60281,94.494896,91.9861,86.31406,92.437546,86.78513,89.88646,92.54977,90.71968,73.08041,79.79675,79.041504,76.09266,73.97059,74.473564,71.215744,64.02128,62.99395,66.49127,69.86268,67.96245,61.495186,60.913948,62.16242,62.429703,59.398006,60.067085,56.960293,56.771297,62.850224,75.756714,83.226555,78.035835,68.597336,60.394913,59.382893,62.69379,58.365765,54.167076,54.514015,54.71379,61.790176,65.99164,74.00427,73.32396,70.48573,53.179707,39.710243,36.15064,41.871204,45.820595
Rforearm,65.39475,74.56107,78.27338,81.430244,64.60353,85.80295,96.44556,100.25177,110.72082,94.303406,83.28921,86.19208,73.90714,64.35455,49.493156,41.201435,36.261436,NaN,NaN,107.404625,108.204605,98.487854,91.23038,116.074295,114.71029,89.71533,102.73235,51.98021,49.111217,57.74126,68.375595,56.478516,61.161877,58.653137,49.340702,48.452053,35.60905,42.35892,27.795853,46.57981,71.38858,111.26354,55.16619,56.324722,46.384487,46.555607,57.76454,37.069504,40.127026,41.235542,36.62097,33.609337,37.122414,41.25392,40.188026,44.180016,48.760036,51.39702,39.95586,50.39486,47.529606,57.611046,52.581238,44.679977,48.190548,48.158016,44.569225,44.508102,46.684006,45.66162,44.71968,42.676655,43.5507,40.273335,41.298527,41.194725,38.839157,38.630688,43.139694,44.446526,42.16511,46.869965,44.968414,47.750954,52.972534,60.36948,51.79042,48.239666,51.562378,62.060036,69.573906,76.05083,71.272705,66.14693,68.51936,57.735477,65.88941,61.52713,80.4522,81.13273,73.55307,73.30896,100.33792,94.247475,45.759007,41.283546,57.69257,NaN,NaN,NaN,226.08742,231.21931,NaN,173.04929,64.48935,32.945877,NaN,73.1869,88.87293,NaN,51.55,34.454193,31.965347,30.002056,39.321102,30.40485,33.308834,43.4934,67.30518,128.16527,83.945076,102.871185,100.49638,77.32077,77.381386,87.53245,74.17031,64.09764,81.31145,28.53543,38.15056,39.449352,32.412186,33.415054,35.77387,38.480255,34.6581,63.878193,222.56659,195.68932,157.66364,41.44817,45.14898,47.302635,41.096825,49.18746,40.114388,45.486454,50.43612,76.51935,56.546555,75.10402,65.272224,46.29217,49.97983,50.37919,50.213497,45.81298,48.34551,47.59244,58.733223,71.489494,72.65375,66.26457,49.787132,33.480347,31.74106,41.79827,56.32108,73.0245,57.538586,39.423244,29.506739,34.061558,50.980343,51.367676,48.411022,37.821342,30.181486,34.519882,63.555798,101.16964,89.81579,68.29037,42.38327,34.307423,43.430862,38.046333,33.39255,34.750267,38.937363,47.62666,73.366455,96.093956,81.81274,63.75586,52.86205,39.061466,31.148647,34.533394,56.299534
torso,118.08333,120.57629,114.78433,116.10724,132.49112,169.55281,74.862595,NaN,NaN,183.24387,92.7227,96.96955,121.421104,122.16864,117.65008,56.659615,58.46912,58.42468,50.882023,107.625305,109.98553,117.50067,133.9234,133.19974,132.86868,136.47166,133.96146,112.0448,113.89325,116.47605,106.03049,101.20155,126.25667,133.35495,136.02672,134.36784,130.73662,125.95942,93.81969,61.957756,58.2816,79.98424,84.77299,95.07258,100.64128,112.847824,112.129425,100.220245,105.59871,105.74104,94.92566,85.52566,69.275604,64.42012,58.387894,51.36343,51.451878,62.67178,67.04087,65.78574,68.69613,76.38302,82.63802,75.158905,76.2417,77.32034,80.59051,82.20082,86.15206,90.308266,92.08467,95.73638,98.68439,99.425804,99.69093,98.70232,98.5944,97.97899,96.6026,93.9891,89.477455,84.06451,85.01943,82.45819,83.97383,87.35127,89.09259,87.58811,86.81099,85.54543,81.58996,87.770454,90.11968,97.41091,98.59391,102.39718,104.97304,107.91251,98.744965,103.12105,108.27948,110.82751,111.06837,100.999344,101.35645,114.991516,136.29738,152.70854,146.60393,137.75336,133.83977,126.342354,132.91824,112.15203,108.084915,111.25402,118.63594,109.27128,104.12333,81.98281,92.973785,94.53815,90.25545,84.3245,84.82475,81.91101,82.09378,82.79071,90.70438,97.59071,96.22964,101.966866,109.99653,107.161156,110.115295,111.600845,113.378845,110.03244,91.03347,81.49299,68.39206,118.081276,102.62116,88.28729,93.37717,98.46446,109.0738,123.69431,128.81172,127.32501,129.6193,119.31463,106.85107,98.85283,85.432175,76.85907,75.37891,70.600815,67.260445,70.60701,73.07325,72.42432,72.56847,77.942566,81.49642,83.15127,86.959816,85.5091,93.2596,91.29464,90.13643,77.050156,73.39503,69.29886,71.173485,76.12682,76.03929,74.47008,72.2265,74.94728,77.14591,81.05089,87.69283,90.75433,88.53989,84.29878,83.967285,84.547646,83.46947,76.062096,75.65668,74.390396,80.48326,89.67289,94.5634,92.66107,86.79469,86.95064,93.39613,93.36698,90.970665,86.535835,79.211334,79.200035,93.35995,97.9626,105.011375,98.54783,100.444534,97.24277,98.59609
Lhip,115.462364,117.98984,114.37393,109.49501,116.02964,150.05702,NaN,NaN,NaN,NaN,NaN,192.56146,158.89973,140.98843,126.31997,112.54685,60.907825,123.94475,57.84817,98.1761,89.92082,84.34424,109.92729,113.16181,94.74364,77.67293,NaN,70.67871,NaN,NaN,NaN,NaN,60.921265,73.714134,NaN,200.51323,173.86496,154.16086,120.99087,90.91396,81.25912,65.532684,79.33221,92.01524,94.18728,104.58538,111.08896,120.66772,122.357025,111.26003,105.82998,103.92523,91.93696,84.14477,73.64754,67.57682,66.24799,105.908295,82.37778,80.2687,88.17187,101.35802,117.93991,113.536995,105.46797,92.3865,90.95222,91.17402,98.90125,107.4695,109.80234,113.64852,117.635864,118.05463,120.102356,121.96381,118.65835,118.64951,118.10454,117.497,123.32349,124.860306,127.77766,122.209915,116.469795,109.65406,100.35871,93.90061,93.073586,104.48281,113.37307,122.78451,124.28943,113.47675,100.40348,100.706245,108.0849,119.86187,132.47926,133.41919,127.03548,110.59195,98.81035,90.238625,91.48505,102.41398,121.1807,129.09714,123.82452,120.68408,115.648834,90.841255,82.0753,69.17455,65.38255,75.98381,81.5863,92.53739,131.51384,83.29408,89.84918,94.77873,99.701836,99.29098,95.82133,98.510704,100.40347,87.247574,89.03168,95.48725,98.61036,103.810684,108.799194,117.53619,127.20988,126.29908,119.909164,121.56639,108.013214,90.94813,73.5016,132.00906,138.1476,96.26825,105.067825,102.34245,104.92879,122.084114,134.05327,131.02205,141.1255,132.28392,115.24412,115.572075,108.10869,107.81447,104.18347,95.42616,84.61297,72.54143,67.29607,74.19847,88.58515,105.084335,118.086716,126.51857,122.38867,114.93478,113.76582,104.76079,100.121185,76.52652,63.909378,64.390205,76.06293,90.52545,102.79518,113.19011,113.98742,112.38384,108.45243,103.91103,94.7467,88.348434,84.38037,83.14403,88.54573,102.95234,121.282524,125.256615,121.24392,120.32524,117.2542,108.91477,94.83748,80.984436,69.99122,75.707794,88.51009,102.260025,122.62497,130.37997,134.65616,128.01706,119.41531,107.73271,91.74536,81.83002,81.73786,81.1616,89.03401
Lthigh,64.07419,132.21341,140.12688,157.40259,232.84575,235.48962,246.44073,286.66226,288.47244,NaN,NaN,174.69716,164.79697,159.46585,151.2067,134.19786,113.75962,99.52794,96.58146,75.48944,70.80253,94.67953,108.85195,117.506485,118.326866,113.90449,111.664955,92.96014,237.60783,179.35576,192.81161,191.59068,186.0254,183.2244,156.18486,140.77055,121.0333,99.709946,74.55556,65.68282,54.894463,57.4098,68.32903,69.13132,77.28927,93.69247,98.24593,78.133995,80.47214,79.07236,76.63877,70.01889,57.597576,51.178017,53.652164,54.311157,53.67976,63.905437,51.291668,58.449177,54.242867,64.054886,66.57491,66.91601,69.973625,77.33704,80.81305,75.04701,73.44957,76.23346,77.85187,82.2691,84.68007,88.15387,92.48286,92.89257,91.35045,90.88252,90.8716,89.26761,87.50269,82.7809,82.0175,79.61703,76.66755,73.75521,71.554955,72.31828,74.27113,74.202034,80.00043,78.727486,74.483025,70.204124,64.36224,66.3381,71.30519,76.872826,88.99617,83.66793,74.18869,62.34064,59.732735,61.67188,67.26898,77.74876,85.83161,85.05292,73.39038,64.14129,59.27611,54.55127,54.699165,56.01507,60.984642,52.600445,52.13997,59.158974,100.99635,108.32659,117.18247,117.14631,93.32288,80.81937,77.505844,82.26886,86.88263,86.65896,75.32556,68.994965,73.92982,92.99116,102.909195,119.95743,135.12082,140.39075,138.90385,130.85086,122.45813,106.00204,98.380875,141.10295,149.63683,135.53662,82.3311,76.69069,57.066246,78.58809,91.57366,80.88888,77.08891,74.77525,67.00409,63.48678,65.03937,71.68797,70.527916,70.45978,66.8687,64.02581,64.355064,69.8579,74.19523,74.52628,81.44077,76.33831,71.54697,63.435127,61.72857,58.432087,76.08998,64.738045,69.695465,72.657166,78.172585,71.02369,70.10539,79.72569,75.988434,76.15657,79.89826,78.60889,79.16109,80.18938,81.50908,79.82652,82.52406,75.93318,79.52903,76.5302,72.92829,73.25855,68.593155,64.731186,64.08802,61.023865,64.63759,70.09663,74.49354,75.11758,75.88418,78.72798,70.713974,64.0962,61.379097,57.184505,57.952656,61.63407,63.86181,64.84032,70.626274
Lleg,43.623974,175.48337,179.63383,187.21063,155.34383,96.18178,62.117672,323.50497,305.5633,129.27933,115.40972,NaN,NaN,111.82351,125.4804,137.4247,106.851265,155.65942,95.30192,56.821144,78.163666,112.60806,90.01794,72.61881,98.693115,92.75808,97.67238,104.32012,97.10364,124.239265,183.3867,179.72179,173.99634,165.3824,134.40413,113.9611,90.114655,86.1693,77.63735,102.98315,73.15489,64.72565,92.45538,98.54922,104.42664,103.91413,92.59463,66.81716,79.073326,81.10791,79.49023,64.25614,55.72253,64.51706,81.60006,80.37869,72.84859,64.680244,43.9907,66.1174,68.27141,53.62266,53.741096,55.69866,58.895416,69.159,84.19687,92.30109,82.77004,79.67837,73.8713,73.149,75.58824,77.91986,70.72188,72.61065,73.66344,72.06431,71.7841,74.714424,78.91975,74.70681,73.00237,70.62772,63.004578,59.079193,59.72034,63.844242,70.331566,65.9524,65.659424,64.75471,62.1176,61.095375,59.77583,64.01433,67.89405,75.24228,79.715126,79.933754,75.522766,71.5275,62.824734,64.03353,76.35421,84.152626,79.85548,82.451805,81.626045,68.093666,65.89436,62.113937,63.367065,68.156105,130.58272,145.64684,160.34431,74.41393,92.959015,87.680855,91.02943,107.47122,116.13711,91.86189,82.97568,84.98567,170.41728,167.35942,84.69421,60.772133,128.03119,164.18604,192.76921,212.47746,178.81024,204.79662,153.08998,172.494,173.35257,141.25024,128.37558,147.60991,145.39842,147.09904,146.8543,89.52939,62.651764,78.43881,83.52847,59.27043,57.438446,64.06164,65.80238,60.52227,65.655426,74.07782,75.03472,73.43281,72.737755,67.7194,65.6594,65.26695,67.6307,61.521748,57.138878,50.67547,50.32054,50.402935,48.539284,50.588966,54.22492,52.82118,56.138092,64.05976,68.98799,63.6414,64.344986,62.903606,62.461655,64.2124,60.056133,62.21312,62.041092,61.193428,64.642334,61.296585,65.92534,65.23614,60.475002,52.238045,56.1148,54.85237,56.31368,59.3572,60.5447,58.042164,79.04629,78.3956,88.25916,75.01047,52.896114,52.144577,54.319817,55.735718,55.797485,55.974613,58.82902,61.171658,70.59649,68.073204,66.43912
Rhip,88.60548,93.26725,94.4667,85.851524,133.35747,111.273026,114.65205,138.36742,NaN,126.84157,65.31201,100.71103,83.61569,69.80578,64.0287,39.245247,57.825558,51.95534,44.44569,69.686386,70.39677,77.14235,92.377655,105.17993,107.206085,123.3674,124.34373,104.278946,96.78049,100.30959,94.24076,96.1031,100.685265,106.79728,104.8491,99.16391,91.10186,81.63937,67.38781,55.996067,55.45916,91.23826,90.89785,95.91635,104.584984,113.4435,121.01876,106.0991,107.85353,109.94514,101.01625,88.9096,62.118935,49.040844,45.415283,46.180046,52.946865,87.46534,85.199684,87.04257,92.59601,103.47424,90.65998,85.75635,98.1821,109.622955,115.251205,120.24004,124.41537,125.65531,127.998314,127.127014,127.678635,127.15567,127.79274,128.27142,127.211426,125.40637,125.360054,120.80675,108.88895,93.814255,91.127716,87.39561,94.38426,105.63894,115.2675,117.491394,114.1401,101.03314,96.74308,95.72272,104.62944,114.7231,115.91562,118.8592,120.84258,120.38768,99.61083,90.84468,103.469345,106.72535,106.967354,111.26296,110.76864,118.653,124.68374,126.26228,123.67201,178.2317,161.69852,145.54898,145.87071,134.4177,144.43965,157.61485,161.45569,125.74795,118.71106,103.3557,108.644844,99.38539,86.79326,78.059,84.231834,93.2577,105.76911,106.69311,109.55917,112.68647,117.88732,113.50245,112.779724,109.12228,102.85821,100.45749,96.77763,100.00866,96.12662,117.44521,120.75523,81.773895,86.039024,82.77874,80.992355,87.57854,98.02128,115.35669,122.65822,131.12715,144.03394,133.33722,129.51712,95.076935,80.73609,75.9854,78.09832,88.74406,101.924225,111.34906,113.877,110.59422,100.415085,96.929855,92.16466,91.06506,91.50882,78.968544,90.887115,103.18756,110.38196,105.42577,106.343834,102.73937,98.17637,92.48964,80.590485,73.969536,75.05662,75.0936,80.92733,84.36013,99.99513,107.40119,111.32556,108.800095,105.37697,95.42685,88.074554,81.55128,85.63249,88.17945,89.60178,98.80744,112.10317,123.383255,120.93424,119.97654,117.59107,113.73204,109.93998,110.67909,106.08632,101.5237,103.9211,116.85146,126.47896,123.46839,117.50944,115.82971,113.03834
Rthigh,111.79914,82.90757,84.70735,83.378815,152.72775,180.92374,69.51803,99.62188,271.10944,67.279884,72.755035,72.081764,75.51785,72.411224,73.35996,56.929733,48.49204,93.50899,146.21368,158.67235,159.0699,137.77148,150.38107,163.85013,177.82286,184.82327,177.29503,74.85212,86.998665,87.08302,73.87637,72.639305,79.24756,76.60987,71.828125,65.74621,62.15348,60.93892,60.309753,63.587616,65.935135,63.457645,66.25907,66.6969,68.35896,78.94509,91.58349,86.460106,86.20366,75.26932,73.45359,66.91466,56.649395,51.65632,55.3981,53.32055,56.637714,63.872772,59.70307,55.70799,53.88996,60.26127,54.362476,53.83791,57.079872,62.952423,67.66638,67.16707,70.27892,72.78162,73.10349,73.72569,74.05798,75.29147,76.701035,77.27108,76.65527,75.27835,75.65885,71.69549,66.87006,64.59392,59.64349,59.87202,59.267986,60.648403,64.20987,65.63487,64.03363,59.454742,62.123985,61.429775,61.07769,57.2343,62.13115,63.079422,62.987724,57.832294,52.395325,48.36057,44.930683,48.71354,55.013237,65.91405,73.38362,72.02658,63.308617,NaN,NaN,197.02092,160.03752,166.89383,145.88977,140.58986,144.83054,155.48352,144.99478,149.6331,125.91016,86.093155,66.35911,58.54634,57.363605,56.803303,60.935543,62.063934,67.5221,72.25106,73.23964,71.48396,73.16241,66.45007,66.34475,66.04294,65.53591,68.720604,63.589394,54.703262,123.18221,112.928856,92.057846,56.68347,62.68979,68.962906,69.81553,67.00423,70.93152,78.78088,82.47497,81.96811,77.68457,66.01883,65.52253,53.68662,51.31434,55.485214,57.71755,57.811584,61.466637,67.05553,67.506325,65.0708,63.729847,65.711075,65.44756,64.06115,65.13358,62.338856,62.38975,61.241356,68.41144,71.00543,74.60662,78.654915,83.37167,82.15406,79.81127,80.588486,77.2529,84.02105,85.23022,79.069824,81.51408,82.986786,79.70934,78.00243,78.82828,80.01658,92.35273,86.832954,86.80708,94.16555,94.33301,86.98623,84.13901,79.66438,77.1212,78.66063,85.10284,83.84097,79.82279,89.304146,86.41376,93.62476,99.69171,106.64669,117.33772,141.9613,129.75056,128.49144,107.22888
Rleg,141.31555,77.38886,46.268093,38.888622,103.740654,166.27966,131.60799,133.64879,194.5554,61.06497,59.20309,68.916695,83.99388,84.668304,83.21364,79.72934,72.9224,123.9665,173.54639,201.33455,208.31914,196.69089,198.1362,197.72066,187.98909,174.95963,142.56621,96.13239,95.07486,96.08395,79.232025,73.27811,69.16162,65.85599,60.592613,55.130047,53.24464,50.45434,47.904316,46.243137,47.548904,54.78357,94.23649,109.02787,54.73418,60.0477,65.53493,69.67501,68.25585,55.586277,56.655605,54.332176,52.000343,52.002155,51.886105,58.035908,64.27452,81.42372,50.4219,47.22475,49.956184,48.357254,63.855293,58.47631,56.71502,59.451935,66.67893,65.11885,66.44836,63.020416,65.66315,62.272015,63.361042,64.26459,64.952415,65.43795,63.91622,62.051632,64.31401,64.224304,61.268856,62.2234,64.48283,65.8984,61.435436,62.159294,58.594402,59.87681,59.483612,63.92658,72.034645,74.03921,67.90039,62.8001,61.177223,59.297215,60.343098,61.087643,60.05077,67.55136,63.494026,59.693913,58.388206,63.403194,73.409294,81.90578,70.9637,80.75992,70.790184,166.53166,NaN,155.05255,158.03642,143.33473,110.1561,110.92416,109.329575,123.73845,112.539536,113.78216,112.77438,155.51953,94.98474,62.30401,69.20189,60.266556,52.49175,43.923317,46.493305,56.97048,66.7745,61.90393,75.91858,101.106285,111.12153,111.247185,121.72109,133.8116,122.7658,103.474556,93.935875,63.777576,67.411026,68.37877,72.074036,74.09312,68.332695,72.220024,67.824234,61.136467,56.764946,52.487972,49.82237,49.450417,50.325077,54.85577,55.192577,55.54188,55.16896,58.79459,56.796238,58.16518,57.89613,66.922005,67.37371,77.665504,82.53726,76.85177,66.41765,58.895462,52.651134,60.605885,58.285213,62.23711,64.906235,63.018448,63.734173,61.805782,62.09006,69.916405,67.03417,62.321922,64.34759,66.80272,71.984055,70.72488,69.78901,69.16876,66.80049,62.725002,63.635338,66.81382,69.025635,67.599945,68.98789,70.45697,73.54532,74.6388,73.24532,68.62882,66.03077,64.7675,64.40279,64.7433,70.056725,70.14298,77.375206,79.8401,80.29876,78.26194,69.16764
